player,player_id,position,player_game_count,team_name,pass_snaps,pass_rush_snaps,pass_rush_percent,sacks,hits,hurries,pressures,prp,lhs_pass_rush_snaps,lhs_pass_rush_percent,lhs_sacks,lhs_hits,lhs_hurries,lhs_pressures,lhs_prp,rhs_pass_rush_snaps,rhs_pass_rush_percent,rhs_sacks,rhs_hits,rhs_hurries,rhs_pressures,rhs_prp
Marcus Peters,9451,CB,7,BLT,300,1,0.3,1,0,0,1,100.0,1,100.0,1,0,0,1,100.0,0,0.0,0,0,0,0,
Jaire Alexander,49350,CB,7,GB,237,1,0.4,1,0,0,1,100.0,0,0.0,0,0,0,0,,1,100.0,1,0,0,1,100.0
Dorian O'Daniel,51487,LB,2,KC,5,3,60.0,1,0,1,2,50.0,2,100.0,0,0,1,1,25.0,0,0.0,0,0,0,0,
Jonathan Greenard,48407,ED,3,HST,4,1,25.0,0,0,1,1,50.0,0,0.0,0,0,0,0,,1,100.0,0,0,1,1,50.0
Vernon Hargreaves III,10645,CB,7,HST,218,1,0.5,0,0,1,1,50.0,1,100.0,0,0,1,1,50.0,0,0.0,0,0,0,0,
Jaylen Samuels,47297,HB,1,PIT,1,1,100.0,0,1,0,1,50.0,0,,0,0,0,0,,0,,0,0,0,0,
Cody Barton,50727,LB,4,SEA,39,1,2.6,0,0,1,1,50.0,0,,0,0,0,0,,0,,0,0,0,0,
Darius Slay,7817,CB,8,PHI,279,1,0.4,0,0,1,1,50.0,0,0.0,0,0,0,0,,1,100.0,0,0,1,1,50.0
Marcus Gilchrist,6202,S,2,BLT,35,1,2.9,0,0,1,1,50.0,1,100.0,0,0,1,1,50.0,0,0.0,0,0,0,0,
Casey Hayward Jr.,7064,CB,7,LAC,276,1,0.4,0,0,1,1,50.0,1,100.0,0,0,1,1,50.0,0,0.0,0,0,0,0,
Avonte Maddox,50543,CB,5,PHI,141,1,0.7,0,0,1,1,50.0,1,100.0,0,0,1,1,50.0,0,0.0,0,0,0,0,
Charvarius Ward,43034,CB,7,KC,196,4,2.0,1,0,1,2,37.5,4,100.0,1,0,1,2,37.5,0,0.0,0,0,0,0,
Jordan Evans,11947,LB,2,CIN,12,3,25.0,1,0,0,1,33.3,1,33.3,1,0,0,1,100.0,2,66.7,0,0,0,0,0.0
Dean Marlowe,9966,S,7,BUF,60,3,5.0,1,0,0,1,33.3,1,33.3,0,0,0,0,0.0,2,66.7,1,0,0,1,50.0
Anthony Brown,10823,CB,5,DAL,133,3,2.3,0,0,2,2,33.3,1,33.3,0,0,1,1,50.0,2,66.7,0,0,1,1,25.0
Kristian Fulton,42894,CB,5,TEN,110,6,5.5,1,0,2,3,33.3,4,66.7,0,0,2,2,25.0,2,33.3,1,0,0,1,50.0
Xavier Woods,11946,S,8,DAL,283,5,1.8,0,0,3,3,30.0,4,80.0,0,0,3,3,37.5,1,20.0,0,0,0,0,0.0
Isaiah Oliver,50393,CB,8,ATL,300,7,2.3,1,0,2,3,28.6,4,57.1,0,0,1,1,12.5,3,42.9,1,0,1,2,50.0
Troy Reeder,38268,LB,2,LA,54,9,16.7,2,0,1,3,27.8,3,37.5,1,0,1,2,50.0,5,62.5,0,0,0,0,0.0
Dre Kirkpatrick,7023,CB,7,ARZ,225,2,0.9,0,0,1,1,25.0,1,50.0,0,0,1,1,50.0,1,50.0,0,0,0,0,0.0
Sheldrick Redwine,50458,S,3,CLV,53,4,7.5,1,0,0,1,25.0,2,50.0,1,0,0,1,50.0,2,50.0,0,0,0,0,0.0
Chris Banjo,8419,S,4,ARZ,87,2,2.3,0,1,0,1,25.0,2,100.0,0,1,0,1,25.0,0,0.0,0,0,0,0,
Leighton Vander Esch,50950,LB,4,DAL,87,4,4.6,1,0,0,1,25.0,3,100.0,1,0,0,1,33.3,0,0.0,0,0,0,0,
Ronald Darby,9483,CB,7,WAS,220,2,0.9,0,0,1,1,25.0,2,100.0,0,0,1,1,25.0,0,0.0,0,0,0,0,
Deionte Thompson,25444,S,5,ARZ,196,4,2.0,0,1,1,2,25.0,2,50.0,0,1,0,1,25.0,2,50.0,0,0,1,1,25.0
Marquise Copeland,38540,DI,1,LA,2,2,100.0,0,0,1,1,25.0,1,50.0,0,0,0,0,0.0,1,50.0,0,0,1,1,50.0
Tevaughn Campbell,91247,CB,3,LAC,41,2,4.9,0,0,1,1,25.0,1,50.0,0,0,1,1,50.0,1,50.0,0,0,0,0,0.0
Stephon Gilmore,7016,CB,6,NE,193,2,1.0,0,0,1,1,25.0,1,50.0,0,0,0,0,0.0,1,50.0,0,0,1,1,50.0
A.J. Terrell,55586,CB,6,ATL,231,2,0.9,0,1,0,1,25.0,1,50.0,0,1,0,1,50.0,1,50.0,0,0,0,0,0.0
Duron Harmon,7872,S,7,DET,259,2,0.8,0,1,0,1,25.0,0,0.0,0,0,0,0,,2,100.0,0,1,0,1,25.0
Keisean Nixon,56167,CB,3,LV,17,2,11.8,0,1,0,1,25.0,1,50.0,0,1,0,1,50.0,1,50.0,0,0,0,0,0.0
Jimmy Smith,6179,CB,7,BLT,229,4,1.7,1,0,0,1,25.0,4,100.0,1,0,0,1,25.0,0,0.0,0,0,0,0,
Nik Needham,50356,CB,5,MIA,181,15,8.3,0,0,7,7,23.3,2,13.3,0,0,2,2,50.0,13,86.7,0,0,5,5,19.2
Jalen Mills,10867,S,8,PHI,310,15,4.8,1,2,3,6,23.3,12,80.0,1,2,3,6,29.2,3,20.0,0,0,0,0,0.0
Kyzir White,44485,LB,7,LAC,226,11,4.9,1,2,1,4,22.7,5,45.5,1,1,1,3,40.0,6,54.5,0,1,0,1,8.3
Cole Holcomb,49753,LB,2,WAS,33,7,21.2,1,1,0,2,21.4,7,100.0,1,1,0,2,21.4,0,0.0,0,0,0,0,
Adrian Amos,9575,S,7,GB,239,7,2.9,1,1,0,2,21.4,4,57.1,0,0,0,0,0.0,3,42.9,1,1,0,2,50.0
Jamar Taylor,7835,CB,4,SF,82,10,12.2,1,1,1,3,20.0,3,30.0,0,0,1,1,16.7,7,70.0,1,1,0,2,21.4
Tre'Davious White,11782,CB,7,BUF,252,5,2.0,1,0,0,1,20.0,4,80.0,0,0,0,0,0.0,1,20.0,1,0,0,1,100.0
Dakota Allen,30076,LB,4,JAX,60,5,8.3,0,0,2,2,20.0,3,60.0,0,0,0,0,0.0,2,40.0,0,0,2,2,50.0
Keanu Neal,10651,S,7,ATL,252,10,4.0,1,1,1,3,20.0,7,70.0,1,1,1,3,28.6,3,30.0,0,0,0,0,0.0
Antonio Hamilton,11353,CB,5,KC,66,5,7.6,0,1,1,2,20.0,2,40.0,0,0,1,1,25.0,3,60.0,0,1,0,1,16.7
Jayron Kearse,10878,S,4,DET,73,5,6.8,0,1,1,2,20.0,3,75.0,0,0,1,1,16.7,1,25.0,0,0,0,0,0.0
Darius Phillips,49507,CB,8,CIN,233,8,3.4,0,2,1,3,18.8,6,75.0,0,2,1,3,25.0,2,25.0,0,0,0,0,0.0
Jalen Ramsey,10639,CB,7,LA,289,8,2.8,1,0,1,2,18.8,3,37.5,1,0,1,2,50.0,5,62.5,0,0,0,0,0.0
Vince Williams,7988,LB,7,PIT,183,32,17.5,3,1,5,9,18.8,15,51.7,1,1,2,4,16.7,14,48.3,2,0,2,4,21.4
Jordan Whitehead,49196,S,7,TB,275,19,6.9,2,1,2,5,18.4,11,61.1,1,0,1,2,13.6,7,38.9,1,1,1,3,28.6
Mike Hilton,10898,CB,5,PIT,150,28,18.7,3,2,2,7,17.9,17,60.7,2,2,1,5,20.6,11,39.3,1,0,1,2,13.6
Elandon Roberts,10848,LB,6,MIA,68,14,20.6,1,1,2,4,17.9,7,50.0,1,0,1,2,21.4,7,50.0,0,1,1,2,14.3
Logan Ryan,7864,S,7,NYG,257,14,5.4,1,1,2,4,17.9,6,42.9,1,0,2,3,33.3,8,57.1,0,1,0,1,6.3
Marlon Humphrey,11771,CB,7,BLT,299,17,5.7,2,1,1,4,17.6,9,52.9,1,1,1,3,22.2,8,47.1,1,0,0,1,12.5
Bradlee Anae,43982,ED,3,DAL,3,3,100.0,0,1,0,1,16.7,1,33.3,0,1,0,1,50.0,2,66.7,0,0,0,0,0.0
Cre'Von LeBlanc,11218,CB,7,PHI,141,12,8.5,1,0,2,3,16.7,6,50.0,1,0,1,2,25.0,6,50.0,0,0,1,1,8.3
Ronnie Harrison,49206,S,7,CLV,115,3,2.6,0,0,1,1,16.7,1,33.3,0,0,0,0,0.0,2,66.7,0,0,1,1,25.0
Kenny Moore II,51596,CB,7,IND,249,12,4.8,1,1,1,3,16.7,7,58.3,1,1,0,2,21.4,5,41.7,0,0,1,1,10.0
Tavierre Thomas,66931,CB,4,CLV,128,12,9.4,1,0,2,3,16.7,7,58.3,1,0,0,1,14.3,5,41.7,0,0,2,2,20.0
Quincy Williams,49779,LB,2,JAX,47,3,6.4,0,0,1,1,16.7,1,33.3,0,0,0,0,0.0,2,66.7,0,0,1,1,25.0
Darian Thompson,10705,S,6,DAL,107,3,2.8,0,1,0,1,16.7,2,66.7,0,1,0,1,25.0,1,33.3,0,0,0,0,0.0
Jimmy Moreland,28704,CB,7,WAS,162,3,1.9,0,0,1,1,16.7,2,66.7,0,0,1,1,25.0,1,33.3,0,0,0,0,0.0
Josh Uche,27379,LB,1,NE,6,3,50.0,0,1,0,1,16.7,0,0.0,0,0,0,0,,3,100.0,0,1,0,1,16.7
Brandon Watson,51088,S,5,JAX,70,3,4.3,0,0,1,1,16.7,0,0.0,0,0,0,0,,3,100.0,0,0,1,1,16.7
Jon Bostic,7831,LB,7,WAS,223,21,9.4,2,2,1,5,16.7,11,52.4,2,1,1,4,27.3,10,47.6,0,1,0,1,5.0
Leon Jacobs,44980,LB,3,JAX,14,6,42.9,0,0,2,2,16.7,4,66.7,0,0,1,1,12.5,2,33.3,0,0,1,1,25.0
Harrison Smith,7641,S,7,MIN,253,15,5.9,0,1,4,5,16.7,5,33.3,0,0,1,1,10.0,10,66.7,0,1,3,4,20.0
Blessuan Austin,50434,CB,7,NYJ,227,3,1.3,0,1,0,1,16.7,0,0.0,0,0,0,0,,3,100.0,0,1,0,1,16.7
Kareem Jackson,5545,S,7,DEN,294,3,1.0,0,0,1,1,16.7,0,0.0,0,0,0,0,,3,100.0,0,0,1,1,16.7
Malcolm Jenkins,4937,S,7,NO,268,35,13.1,2,1,6,9,15.7,19,54.3,1,1,6,8,23.7,16,45.7,1,0,0,1,6.3
Deion Jones,10686,LB,8,ATL,304,35,11.5,3,3,2,8,15.7,15,42.9,1,2,0,3,13.3,20,57.1,2,1,2,5,17.5
T.Y. McGill,10156,DI,2,PHI,13,13,100.0,1,1,1,3,15.4,7,58.3,1,1,1,3,28.6,5,41.7,0,0,0,0,0.0
Matt Milano,11918,LB,5,BUF,105,20,19.0,2,0,2,4,15.0,10,52.6,1,0,1,2,15.0,9,47.4,1,0,1,2,16.7
Jabaal Sheard,6189,ED,1,JAX,10,10,100.0,0,2,1,3,15.0,7,70.0,0,2,1,3,21.4,3,30.0,0,0,0,0,0.0
Joe Thomas,9272,LB,7,DAL,172,17,9.9,0,3,2,5,14.7,8,50.0,0,1,1,2,12.5,8,50.0,0,1,1,2,12.5
Jamal Adams,11761,S,3,SEA,141,34,24.1,2,3,3,8,14.7,23,67.6,1,3,3,7,17.4,11,32.4,1,0,0,1,9.1
Antoine Winfield Jr.,42475,S,7,TB,279,24,8.6,2,1,2,5,14.6,10,41.7,1,0,0,1,10.0,14,58.3,1,1,2,4,17.9
Bobby Wagner,7050,LB,7,SEA,352,48,13.6,2,4,6,12,14.6,16,41.0,0,1,3,4,12.5,23,59.0,1,3,3,7,17.4
Marcus Maye,11794,S,8,NYJ,301,21,7.0,2,0,2,4,14.3,14,66.7,2,0,2,4,21.4,7,33.3,0,0,0,0,0.0
Edmond Robinson,9665,LB,4,ATL,14,7,50.0,0,1,1,2,14.3,4,57.1,0,1,1,2,25.0,3,42.9,0,0,0,0,0.0
Darnay Holmes,56247,CB,6,NYG,126,14,11.1,1,1,1,3,14.3,10,71.4,1,1,1,3,20.0,4,28.6,0,0,0,0,0.0
Chuck Clark,11941,S,7,BLT,303,42,13.9,3,1,5,9,14.3,18,48.6,1,0,1,2,8.3,19,51.4,2,1,3,6,21.1
Chris Board,29456,LB,7,BLT,29,7,24.1,1,0,0,1,14.3,3,42.9,0,0,0,0,0.0,4,57.1,1,0,0,1,25.0
Tyrann Mathieu,7850,S,8,KC,283,21,7.4,0,2,4,6,14.3,13,61.9,0,1,3,4,15.4,8,38.1,0,1,1,2,12.5
Devin White,43089,LB,7,TB,285,58,20.4,2,3,9,14,13.8,25,52.1,2,1,3,6,16.0,23,47.9,0,2,4,6,13.0
M.J. Stewart,49397,CB,6,CLV,47,11,23.4,1,0,1,2,13.6,9,81.8,0,0,1,1,5.6,2,18.2,1,0,0,1,50.0
Terrell Edmunds,51334,S,7,PIT,252,11,4.4,1,0,1,2,13.6,3,27.3,1,0,1,2,50.0,8,72.7,0,0,0,0,0.0
Genard Avery,49699,ED,5,PHI,38,37,97.4,2,4,2,8,13.5,32,86.5,1,2,2,5,9.4,5,13.5,1,2,0,3,40.0
Sean Murphy-Bunting,25891,CB,7,TB,249,15,6.0,0,1,3,4,13.3,9,60.0,0,0,2,2,11.1,6,40.0,0,1,1,2,16.7
Eric Murray,10740,S,7,HST,261,19,7.3,0,2,3,5,13.2,14,73.7,0,1,2,3,10.7,5,26.3,0,1,1,2,20.0
Taco Charlton,11783,ED,6,KC,55,54,98.2,2,2,8,12,13.0,29,53.7,2,2,3,7,15.5,25,46.3,0,0,5,5,10.0
Chris Jackson,42512,CB,5,TEN,137,8,5.8,0,0,2,2,12.5,3,37.5,0,0,1,1,16.7,5,62.5,0,0,1,1,10.0
Troy Hill,9881,CB,8,LA,297,12,4.0,0,0,3,3,12.5,6,50.0,0,0,2,2,16.7,6,50.0,0,0,1,1,8.3
Trent Harris,48575,ED,1,NYG,4,4,100.0,0,0,1,1,12.5,0,0.0,0,0,0,0,,4,100.0,0,0,1,1,12.5
T.J. Edwards,30737,LB,5,PHI,88,8,9.1,1,0,0,1,12.5,4,50.0,0,0,0,0,0.0,4,50.0,1,0,0,1,25.0
D.J. Reed Jr.,26940,CB,1,SEA,33,4,12.1,0,0,1,1,12.5,2,50.0,0,0,1,1,25.0,2,50.0,0,0,0,0,0.0
Raven Greene,24750,S,5,GB,94,4,4.3,0,0,1,1,12.5,4,100.0,0,0,1,1,12.5,0,0.0,0,0,0,0,
Tanner Vallejo,11950,LB,2,ARZ,15,4,26.7,0,1,0,1,12.5,3,100.0,0,1,0,1,16.7,0,0.0,0,0,0,0,
Jabrill Peppers,11780,S,6,NYG,175,8,4.6,1,0,0,1,12.5,4,50.0,0,0,0,0,0.0,4,50.0,1,0,0,1,25.0
Lonnie Johnson Jr.,55615,S,7,HST,159,4,2.5,0,1,0,1,12.5,1,25.0,0,0,0,0,0.0,3,75.0,0,1,0,1,16.7
Jonathan Jones,11217,CB,7,NE,190,4,2.1,0,1,0,1,12.5,3,75.0,0,1,0,1,16.7,1,25.0,0,0,0,0,0.0
Kyle Dugger,90621,S,5,NE,69,4,5.8,0,0,1,1,12.5,3,75.0,0,0,1,1,16.7,1,25.0,0,0,0,0,0.0
Denzel Perryman,9481,LB,7,LAC,49,4,8.2,0,1,0,1,12.5,3,100.0,0,1,0,1,16.7,0,0.0,0,0,0,0,
Myles Jack,10670,LB,5,JAX,150,16,10.7,1,1,1,3,12.5,9,56.3,0,1,1,2,11.1,7,43.8,1,0,0,1,14.3
Bryce Callahan,10000,CB,7,DEN,291,8,2.7,0,0,2,2,12.5,3,37.5,0,0,0,0,0.0,5,62.5,0,0,2,2,20.0
Khari Willis,51304,S,7,IND,260,17,6.5,0,1,3,4,11.8,10,58.8,0,1,1,2,10.0,7,41.2,0,0,2,2,14.3
Jarrad Davis,11776,LB,7,DET,79,30,38.0,0,2,5,7,11.7,20,71.4,0,2,4,6,15.0,8,28.6,0,0,1,1,6.3
Krys Barnes,42548,LB,7,GB,94,13,13.8,0,1,2,3,11.5,5,45.5,0,1,0,1,10.0,6,54.5,0,0,1,1,8.3
Alex Singleton,9994,LB,6,PHI,95,13,13.7,0,3,0,3,11.5,8,66.7,0,1,0,1,6.3,4,33.3,0,2,0,2,25.0
Jeremy Chinn,43179,S,8,CAR,296,26,8.8,0,2,4,6,11.5,15,65.2,0,1,4,5,16.7,8,34.8,0,0,0,0,0.0
Kevin Byard,10698,S,7,TEN,288,13,4.5,0,1,2,3,11.5,13,100.0,0,1,2,3,11.5,0,0.0,0,0,0,0,
Landon Collins,9466,S,7,WAS,205,13,6.3,1,0,1,2,11.5,6,46.2,0,0,0,0,0.0,7,53.8,1,0,1,2,21.4
Marcus Davenport,50291,ED,3,NO,63,61,96.8,2,2,8,12,11.5,8,13.1,0,1,1,2,12.5,53,86.9,2,1,7,10,11.3
DeShon Elliott,28854,S,7,BLT,298,35,11.7,2,2,2,6,11.4,19,57.6,2,1,1,4,15.8,14,42.4,0,1,1,2,7.1
Zach Cunningham,11812,LB,7,HST,215,22,10.2,1,0,3,4,11.4,12,54.5,1,0,1,2,12.5,10,45.5,0,0,2,2,10.0
Fred Warner,51222,LB,8,SF,271,35,12.9,0,5,3,8,11.4,15,53.6,0,3,0,3,10.0,13,46.4,0,2,1,3,11.5
Budda Baker,11791,S,6,ARZ,259,31,12.0,2,1,2,5,11.3,13,41.9,2,0,2,4,23.1,18,58.1,0,1,0,1,2.8
Jordan Poyer,8000,S,8,BUF,292,31,10.6,2,2,1,5,11.3,17,54.8,2,0,1,3,14.7,14,45.2,0,2,0,2,7.1
Kenny Vaccaro,7796,S,7,TEN,281,23,8.2,1,0,3,4,10.9,7,30.4,0,0,2,2,14.3,16,69.6,1,0,1,2,9.4
Chris Smith,8794,DI,2,LV,23,23,100.0,1,1,2,4,10.9,10,43.5,1,0,0,1,10.0,13,56.5,0,1,2,3,11.5
T.J. Watt,11785,ED,7,PIT,235,206,87.7,6,15,18,39,10.9,201,98.0,6,15,17,38,10.9,4,2.0,0,0,1,1,12.5
Stephon Tuitt,8681,DI,7,PIT,214,213,99.5,7,10,22,39,10.8,208,98.6,7,10,22,39,11.1,3,1.4,0,0,0,0,0.0
Dennis Gardeck,66928,ED,3,ARZ,30,28,93.3,2,1,1,4,10.7,7,25.0,1,0,0,1,14.3,21,75.0,1,1,1,3,9.5
Patrick Queen,57941,LB,7,BLT,225,42,18.7,2,2,3,7,10.7,21,52.5,0,1,3,4,9.5,19,47.5,2,1,0,3,13.2
Tracy Walker,51266,S,7,DET,233,14,6.0,0,1,2,3,10.7,4,28.6,0,0,2,2,25.0,10,71.4,0,1,0,1,5.0
Josey Jewell,50720,LB,7,DEN,270,33,12.2,2,2,1,5,10.6,12,37.5,1,0,1,2,12.5,20,62.5,1,2,0,3,10.0
Nathan Gerry,11940,LB,7,PHI,258,19,7.4,1,1,1,3,10.5,9,52.9,0,0,0,0,0.0,8,47.1,1,0,1,2,18.8
Aaron Donald,8648,DI,8,LA,275,275,100.0,10,7,31,48,10.5,132,48.4,4,2,11,17,8.0,141,51.6,6,5,20,31,13.1
Kamu Grugier-Hill,10842,LB,7,MIA,106,24,22.6,1,1,2,4,10.4,10,41.7,0,1,2,3,15.0,14,58.3,1,0,0,1,7.1
Montez Sweat,27271,ED,7,WAS,158,155,98.1,5,6,16,27,10.3,61,39.4,4,1,5,10,11.5,94,60.6,1,5,11,17,9.6
Romeo Okwara,11250,ED,7,DET,180,170,94.4,5,5,20,30,10.3,91,53.8,2,3,16,21,12.6,78,46.2,3,2,4,9,7.7
Alex Okafor,7885,ED,4,KC,50,49,98.0,1,2,6,9,10.2,43,87.8,1,1,5,7,9.3,6,12.2,0,1,1,2,16.7
Ja'Whaun Bentley,50966,LB,7,NE,169,44,26.0,2,2,3,7,10.2,19,54.3,1,0,2,3,10.5,16,45.7,0,1,1,2,6.3
Tyquan Lewis,48475,ED,7,IND,65,64,98.5,4,0,5,9,10.2,44,71.0,4,0,4,8,13.6,18,29.0,0,0,1,1,2.8
Yetur Gross-Matos,56444,ED,4,CAR,46,44,95.7,1,1,6,8,10.2,23,52.3,0,0,5,5,10.9,21,47.7,1,1,1,3,9.5
Kamal Martin,12744,LB,2,GB,32,5,15.6,0,0,1,1,10.0,3,75.0,0,0,0,0,0.0,1,25.0,0,0,1,1,50.0
Devante Downs,49842,LB,5,NYG,57,5,8.8,0,1,0,1,10.0,4,80.0,0,1,0,1,12.5,1,20.0,0,0,0,0,0.0
Justin Simmons,10732,S,7,DEN,294,5,1.7,0,0,1,1,10.0,4,80.0,0,0,1,1,12.5,1,20.0,0,0,0,0,0.0
Joey Bosa,10637,ED,7,LAC,211,211,100.0,5,10,22,37,10.0,184,87.2,4,8,18,30,9.2,27,12.8,1,2,4,7,14.8
Willie Gay Jr.,57987,LB,7,KC,46,10,21.7,0,0,2,2,10.0,3,37.5,0,0,0,0,0.0,5,62.5,0,0,1,1,10.0
Kevin Johnson,9449,CB,5,CLV,146,10,6.8,1,0,0,1,10.0,4,40.0,0,0,0,0,0.0,6,60.0,1,0,0,1,16.7
Juan Thornhill,50426,S,8,KC,263,5,1.9,0,1,0,1,10.0,3,60.0,0,1,0,1,16.7,2,40.0,0,0,0,0,0.0
K'Waun Williams,9332,CB,5,SF,114,15,13.2,1,0,1,2,10.0,8,53.3,1,0,1,2,18.8,7,46.7,0,0,0,0,0.0
Desmond King II,11906,CB,6,LAC,181,10,5.5,0,0,2,2,10.0,2,20.0,0,0,0,0,0.0,8,80.0,0,0,2,2,12.5
Chris Harris Jr.,6457,CB,3,LAC,117,5,4.3,0,1,0,1,10.0,1,20.0,0,0,0,0,0.0,4,80.0,0,1,0,1,12.5
Will Redmond,10702,S,7,GB,137,10,7.3,0,2,0,2,10.0,4,40.0,0,1,0,1,12.5,6,60.0,0,1,0,1,8.3
Karl Joseph,10648,S,6,CLV,197,5,2.5,0,0,1,1,10.0,4,80.0,0,0,1,1,12.5,1,20.0,0,0,0,0,0.0
Matt Ioannidis,10786,DI,3,WAS,51,51,100.0,2,2,4,8,9.8,49,100.0,2,2,3,7,9.2,0,0.0,0,0,0,0,
Demario Davis,7079,LB,7,NO,268,63,23.5,2,2,6,10,9.5,28,46.7,0,1,4,5,8.9,32,53.3,2,1,2,5,10.9
Justin Zimmer,10975,DI,4,BUF,42,42,100.0,0,1,7,8,9.5,14,33.3,0,0,1,1,3.6,28,66.7,0,1,6,7,12.5
Brandon Graham,5538,ED,8,PHI,218,212,97.2,7,5,21,33,9.4,209,98.6,7,5,21,33,9.6,3,1.4,0,0,0,0,0.0
Takkarist McKinley,11781,ED,4,ATL,56,49,87.5,1,5,2,8,9.2,32,65.3,1,4,2,7,12.5,17,34.7,0,1,0,1,2.9
Derek Rivers,11838,ED,6,NE,41,38,92.7,2,2,1,5,9.2,16,43.2,0,2,0,2,6.3,21,56.8,2,0,1,3,11.9
Chris Jones,10671,DI,7,KC,190,186,97.9,5,8,16,29,9.1,90,48.9,1,4,9,14,8.3,94,51.1,4,4,7,15,10.1
Anthony Harris,9895,S,7,MIN,279,11,3.9,0,0,2,2,9.1,6,54.5,0,0,1,1,8.3,5,45.5,0,0,1,1,10.0
Nate Orchard,9484,ED,2,WAS,11,11,100.0,0,0,2,2,9.1,9,81.8,0,0,2,2,11.1,2,18.2,0,0,0,0,0.0
Haason Reddick,11768,ED,7,ARZ,198,140,70.7,5,5,10,20,8.9,96,68.6,3,5,6,14,8.9,44,31.4,2,0,4,6,9.1
Ogbonnia Okoronkwo,50130,ED,5,LA,75,73,97.3,1,0,11,12,8.9,6,8.2,0,0,0,0,0.0,67,91.8,1,0,11,12,9.7
Uchenna Nwosu,50084,ED,7,LAC,142,130,91.5,3,6,11,20,8.8,28,21.7,0,1,3,4,7.1,101,78.3,3,5,8,16,9.4
Ryan Neal,49132,S,5,SEA,206,17,8.3,0,0,3,3,8.8,10,58.8,0,0,2,2,10.0,7,41.2,0,0,1,1,7.1
Kerry Hyder,9045,ED,8,SF,206,199,96.6,5,7,18,30,8.8,84,42.2,3,4,7,14,10.1,115,57.8,2,3,11,16,7.8
Randy Gregory,9493,ED,2,DAL,17,17,100.0,0,1,2,3,8.8,2,11.8,0,0,0,0,0.0,15,88.2,0,1,2,3,10.0
Johnathan Abram,34646,S,6,LV,221,23,10.4,0,2,2,4,8.7,15,65.2,0,2,1,3,10.0,8,34.8,0,0,1,1,6.3
Julian Okwara,44152,ED,4,DET,25,23,92.0,0,0,4,4,8.7,7,30.4,0,0,2,2,14.3,16,69.6,0,0,2,2,6.3
Eric Wilson,38587,LB,7,MIN,254,29,11.4,1,2,1,4,8.6,11,39.3,1,1,0,2,13.6,17,60.7,0,1,1,2,5.9
Ryan Kerrigan,6168,ED,7,WAS,86,81,94.2,4,0,6,10,8.6,75,93.8,4,0,6,10,9.3,5,6.3,0,0,0,0,0.0
Aldon Smith,6159,ED,8,DAL,209,191,91.4,4,6,19,29,8.6,51,27.1,1,1,4,6,6.9,137,72.9,3,5,15,23,9.5
Chase Winovich,48523,ED,7,NE,125,118,94.4,3,4,10,17,8.5,56,47.5,2,2,7,11,11.6,62,52.5,1,2,3,6,5.6
Trey Hendrickson,11858,ED,7,NO,170,164,96.5,6,4,12,22,8.5,14,8.5,0,0,1,1,3.6,150,91.5,6,4,11,21,9.0
Jerry Hughes,5556,ED,8,BUF,184,176,95.7,3,4,20,27,8.5,103,58.5,2,3,13,18,9.7,73,41.5,1,1,7,9,6.8
Emmanuel Ogbah,10666,ED,7,MIA,233,233,100.0,7,5,20,32,8.4,203,87.1,7,4,16,27,8.4,30,12.9,0,1,4,5,8.3
Shaquil Barrett,9000,ED,7,TB,258,218,84.5,2,1,31,34,8.3,188,88.3,2,0,29,31,8.8,25,11.7,0,1,2,3,6.0
Darius Leonard,49684,LB,5,IND,152,18,11.8,1,0,1,2,8.3,10,66.7,0,0,0,0,0.0,5,33.3,0,0,0,0,0.0
Jamie Collins Sr.,7833,LB,7,DET,209,36,17.2,1,2,2,5,8.3,17,48.6,1,0,1,2,8.8,18,51.4,0,2,1,3,8.3
Rashad Fenton,49329,CB,8,KC,212,6,2.8,0,0,1,1,8.3,2,33.3,0,0,0,0,0.0,4,66.7,0,0,1,1,12.5
Myles Garrett,11756,ED,8,CLV,291,283,97.3,9,6,23,38,8.3,170,60.1,4,3,12,19,6.8,113,39.9,5,3,11,19,10.6
Darryl Roberts,9680,CB,6,DET,173,6,3.5,0,0,1,1,8.3,2,33.3,0,0,1,1,25.0,4,66.7,0,0,0,0,0.0
Mackensie Alexander,10688,CB,6,CIN,187,12,6.4,0,0,2,2,8.3,6,50.0,0,0,1,1,8.3,6,50.0,0,0,1,1,8.3
A.J. Moore,51146,S,3,HST,53,6,11.3,0,1,0,1,8.3,2,40.0,0,0,0,0,0.0,3,60.0,0,0,0,0,0.0
Tyrell Adams,10140,LB,5,HST,125,18,14.4,1,0,1,2,8.3,5,33.3,0,0,0,0,0.0,10,66.7,1,0,1,2,15.0
A.J. Klein,7930,LB,8,BUF,147,30,20.4,1,0,3,4,8.3,17,60.7,1,0,3,4,14.7,11,39.3,0,0,0,0,0.0
John Franklin-Myers,50088,DI,7,NYJ,136,133,97.8,1,5,15,21,8.3,125,94.0,1,5,14,20,8.4,8,6.0,0,0,1,1,6.3
Matthew Judon,10780,ED,7,BLT,194,153,78.9,2,9,12,23,8.2,99,65.1,2,5,8,15,8.6,53,34.9,0,4,4,8,7.5
Bud Dupree,9455,ED,7,PIT,246,227,92.3,7,6,17,30,8.1,9,4.0,1,0,1,2,16.7,218,96.0,6,6,16,28,7.8
Pernell McPhee,6317,ED,7,BLT,169,155,91.7,2,7,14,23,8.1,56,37.3,2,3,6,11,11.6,94,62.7,0,4,8,12,6.4
Demarcus Lawrence,8669,ED,8,DAL,169,163,96.4,3,2,18,23,8.0,142,87.1,2,2,16,20,7.7,21,12.9,1,0,2,3,9.5
William Gholston,7908,DI,7,TB,139,137,98.6,2,9,9,20,8.0,47,35.1,0,2,4,6,6.4,87,64.9,2,7,4,13,8.6
Vinny Curry,7061,ED,4,PHI,58,56,96.6,2,1,4,7,8.0,39,69.6,1,0,3,4,6.4,17,30.4,1,1,1,3,11.8
Mario Edwards Jr.,9468,DI,7,CHI,69,69,100.0,1,2,7,10,8.0,11,15.9,0,0,3,3,13.6,58,84.1,1,2,4,7,6.9
Mario Addison,6558,ED,8,BUF,186,168,90.3,4,4,15,23,8.0,5,3.0,1,0,1,2,30.0,163,97.0,3,4,14,21,7.4
Carl Lawson,11871,ED,8,CIN,205,201,98.0,4,8,16,28,8.0,5,2.5,0,0,0,0,0.0,196,97.5,4,8,16,28,8.2
Roquan Smith,50892,LB,8,CHI,322,19,5.9,0,0,3,3,7.9,11,61.1,0,0,1,1,4.5,7,38.9,0,0,2,2,14.3
A.J. Epenesa,56369,ED,6,BUF,53,51,96.2,2,1,3,6,7.8,25,49.0,1,1,2,4,10.0,26,51.0,1,0,1,2,5.8
Khalil Mack,8640,ED,8,CHI,276,255,92.4,7,3,23,33,7.8,212,83.1,5,2,20,27,7.5,43,16.9,2,1,3,6,9.3
Jaylon Ferguson,48362,ED,7,BLT,78,64,82.1,2,2,4,8,7.8,22,34.4,2,1,2,5,15.9,42,65.6,0,1,2,3,3.6
Neville Hewitt,9836,LB,8,NYJ,302,51,16.9,0,2,6,8,7.8,26,61.9,0,1,3,4,7.7,16,38.1,0,0,2,2,6.3
Alexander Johnson,15267,LB,7,DEN,294,77,26.2,1,3,7,11,7.8,35,46.7,0,1,4,5,7.1,40,53.3,1,2,3,6,8.8
Bradley Chubb,48526,ED,7,DEN,237,205,86.5,6,6,14,26,7.8,54,26.3,0,1,3,4,3.7,151,73.7,6,5,11,22,9.3
Michael Thomas,7279,S,4,HST,60,13,21.7,0,0,2,2,7.7,9,69.2,0,0,2,2,11.1,4,30.8,0,0,0,0,0.0
Rodney McLeod,7271,S,8,PHI,316,13,4.1,0,0,2,2,7.7,8,66.7,0,0,2,2,12.5,4,33.3,0,0,0,0,0.0
Everson Griffen,5624,ED,7,DET,148,140,94.6,3,3,12,18,7.5,54,38.6,2,1,5,8,9.3,86,61.4,1,2,7,10,6.4
Eric Rowe,9480,S,7,MIA,249,20,8.0,0,0,3,3,7.5,15,75.0,0,0,1,1,3.3,5,25.0,0,0,2,2,20.0
Brian Burns,44522,ED,8,CAR,235,188,80.0,3,6,16,25,7.4,92,48.9,2,2,10,14,8.7,96,51.1,1,4,6,11,6.3
Melvin Ingram III,7024,ED,4,LAC,145,143,98.6,0,3,18,21,7.3,48,34.3,0,2,7,9,9.4,92,65.7,0,1,10,11,6.0
Markus Golden,9491,ED,7,NYG,114,110,96.5,2,4,8,14,7.3,78,70.9,1,2,6,9,6.4,32,29.1,1,2,2,5,9.4
Anfernee Jennings,25449,LB,5,NE,35,14,40.0,0,0,2,2,7.1,4,28.6,0,0,1,1,12.5,10,71.4,0,0,1,1,5.0
Tim Settle,48966,DI,7,WAS,56,56,100.0,2,1,3,6,7.1,25,47.2,2,0,1,3,10.0,28,52.8,0,1,2,3,5.4
Chandon Sullivan,49349,CB,7,GB,166,7,4.2,0,0,1,1,7.1,4,57.1,0,0,0,0,0.0,3,42.9,0,0,1,1,16.7
Chauncey Gardner-Johnson,49371,CB,7,NO,240,7,2.9,0,0,1,1,7.1,3,42.9,0,0,0,0,0.0,4,57.1,0,0,1,1,12.5
Terrence Brooks,8714,S,7,NE,75,7,9.3,0,1,0,1,7.1,4,57.1,0,0,0,0,0.0,3,42.9,0,1,0,1,16.7
Anthony Hitchens,8754,LB,8,KC,156,21,13.5,0,1,2,3,7.1,6,46.2,0,1,1,2,16.7,7,53.8,0,0,0,0,0.0
Jeff Gladney,50471,CB,7,MIN,236,7,3.0,0,0,1,1,7.1,5,71.4,0,0,1,1,10.0,2,28.6,0,0,0,0,0.0
Kenny Young,51029,LB,8,LA,153,14,9.2,0,1,1,2,7.1,8,57.1,0,0,1,1,6.3,6,42.9,0,1,0,1,8.3
Eric Kendricks,9478,LB,7,MIN,279,35,12.5,0,0,5,5,7.1,15,46.9,0,0,2,2,6.7,17,53.1,0,0,2,2,5.9
Blake Martinez,10765,LB,7,NYG,267,42,15.7,1,3,1,5,7.1,18,51.4,0,0,0,0,0.0,17,48.6,0,3,1,4,11.8
Cory Littleton,11190,LB,7,LV,266,21,7.9,0,0,3,3,7.1,6,33.3,0,0,1,1,8.3,12,66.7,0,0,2,2,8.3
Danny Trevathan,7177,LB,8,CHI,231,14,6.1,0,0,2,2,7.1,5,41.7,0,0,1,1,10.0,7,58.3,0,0,1,1,7.1
Bradley McDougald,8220,S,7,NYJ,231,7,3.0,0,0,1,1,7.1,4,57.1,0,0,1,1,12.5,3,42.9,0,0,0,0,0.0
Emeke Egbule,45378,ED,3,LAC,21,21,100.0,0,1,2,3,7.1,7,33.3,0,0,2,2,14.3,14,66.7,0,1,0,1,3.6
Javon Hargrave,10723,DI,7,PHI,153,150,98.0,2,0,17,19,7.0,44,30.8,0,0,2,2,2.3,99,69.2,2,0,15,17,9.6
Tyus Bowser,11802,ED,7,BLT,184,128,69.6,2,6,8,16,7.0,59,46.1,0,2,2,4,3.4,69,53.9,2,4,6,12,10.1
Malik Jackson,7647,DI,7,PHI,152,151,99.3,2,9,8,19,7.0,8,5.3,1,0,1,2,18.8,143,94.7,1,9,7,17,6.3
Vita Vea,48956,DI,5,TB,132,129,97.7,2,1,13,16,7.0,27,26.2,0,0,4,4,7.4,76,73.8,1,1,6,8,5.9
Jachai Polite,44383,ED,7,LA,38,36,94.7,1,0,3,4,6.9,9,25.0,0,0,1,1,5.6,27,75.0,1,0,2,3,7.4
B.J. Goodson,10743,LB,8,CLV,310,29,9.4,1,2,0,3,6.9,14,48.3,0,0,0,0,0.0,15,51.7,1,2,0,3,13.3
Bobby McCain,9578,S,7,MIA,268,29,10.8,0,3,1,4,6.9,8,27.6,0,2,1,3,18.8,21,72.4,0,1,0,1,2.4
Ed Oliver,42200,DI,8,BUF,169,167,98.8,1,3,18,22,6.9,51,31.5,0,2,2,4,3.9,111,68.5,1,1,15,17,8.1
Chris Wormley,11829,DI,6,PIT,29,29,100.0,0,2,2,4,6.9,26,92.9,0,1,2,3,5.8,2,7.1,0,0,0,0,0.0
Joe Schobert,10733,LB,7,JAX,252,22,8.7,0,1,2,3,6.8,8,38.1,0,0,2,2,12.5,13,61.9,0,1,0,1,3.8
Derek Barnett,11769,ED,7,PHI,155,149,96.1,4,3,9,16,6.7,11,7.4,0,0,2,2,9.1,138,92.6,4,3,7,14,6.5
Kyle Van Noy,8675,LB,6,MIA,220,104,47.3,1,1,11,13,6.7,72,72.0,0,0,8,8,5.6,28,28.0,1,1,3,5,10.7
Tahir Whitehead,7135,LB,8,CAR,153,15,9.8,0,2,0,2,6.7,5,38.5,0,1,0,1,10.0,8,61.5,0,0,0,0,0.0
James Lynch,56962,DI,3,MIN,15,15,100.0,1,0,0,1,6.7,8,53.3,1,0,0,1,12.5,7,46.7,0,0,0,0,0.0
Reggie Ragland,10675,ED,7,DET,133,82,61.7,1,2,7,10,6.7,48,60.0,1,1,4,6,7.3,32,40.0,0,0,3,3,4.7
Anthony Nelson,48405,ED,7,TB,63,52,82.5,0,2,5,7,6.7,21,40.4,0,1,2,3,7.1,31,59.6,0,1,3,4,6.5
Shilique Calhoun,10709,ED,7,NE,108,83,76.9,2,1,6,9,6.6,27,32.5,1,0,3,4,9.3,56,67.5,1,1,3,5,5.4
Barkevious Mingo,7787,ED,8,CHI,115,85,73.9,2,1,6,9,6.5,27,31.8,0,0,2,2,3.7,58,68.2,2,1,4,7,7.8
Andrew Van Ginkel,30267,ED,7,MIA,102,92,90.2,3,1,5,9,6.5,17,18.5,1,1,0,2,8.8,75,81.5,2,0,5,7,6.0
Cameron Jordan,6176,ED,7,NO,232,223,96.1,3,2,21,26,6.5,220,98.7,3,2,21,26,6.6,3,1.3,0,0,0,0,0.0
Shaq Lawson,10653,ED,6,MIA,173,169,97.7,2,8,10,20,6.5,5,3.0,0,2,0,2,20.0,164,97.0,2,6,10,18,6.1
Grady Jarrett,9570,DI,8,ATL,258,257,99.6,3,10,17,30,6.4,125,50.8,1,5,6,12,5.2,121,49.2,2,5,10,17,7.9
DeForest Buckner,10641,DI,7,IND,215,211,98.1,3,10,11,24,6.4,75,36.2,1,1,5,7,5.3,132,63.8,2,9,6,17,7.2
Dawuane Smoot,11823,ED,7,JAX,150,149,99.3,2,6,9,17,6.4,73,49.7,0,4,6,10,6.8,74,50.3,2,2,3,7,6.1
Lavonte David,7060,LB,7,TB,283,47,16.6,2,1,1,4,6.4,13,28.9,0,1,0,1,3.8,32,71.1,2,0,1,3,7.8
Josh Bynes,6503,LB,8,CIN,170,16,9.4,0,0,2,2,6.3,9,60.0,0,0,0,0,0.0,6,40.0,0,0,2,2,16.7
Shelby Harris,8869,DI,7,DEN,183,183,100.0,3,5,12,20,6.3,42,24.3,2,2,3,7,10.7,131,75.7,1,2,9,12,5.0
Tre Boston,8763,S,8,CAR,301,8,2.7,0,0,1,1,6.3,6,75.0,0,0,1,1,8.3,2,25.0,0,0,0,0,0.0
Tedric Thompson,11866,S,6,KC,67,8,11.9,0,0,1,1,6.3,4,50.0,0,0,0,0,0.0,4,50.0,0,0,1,1,12.5
Nick Bosa,42741,ED,2,SF,41,40,97.6,0,1,4,5,6.3,3,7.5,0,0,0,0,0.0,37,92.5,0,1,4,5,6.8
Micah Kiser,50879,LB,7,LA,255,32,12.5,0,1,3,4,6.3,9,36.0,0,0,1,1,5.6,16,64.0,0,1,1,2,6.3
Chase Young,56436,ED,6,WAS,147,127,86.4,2,1,11,14,6.3,55,43.3,0,0,2,2,1.8,72,56.7,2,1,9,12,9.7
Taylor Rapp,51172,S,8,LA,222,8,3.6,0,0,1,1,6.3,5,62.5,0,0,1,1,10.0,3,37.5,0,0,0,0,0.0
Leonard Williams,9439,DI,7,NYG,194,191,98.5,3,4,14,21,6.3,44,25.4,1,1,6,8,10.2,129,74.6,2,3,7,12,5.4
Zach Sieler,66917,DI,6,MIA,147,142,96.6,2,5,9,16,6.3,36,34.0,0,1,1,2,2.8,70,66.0,2,4,6,12,10.0
Azeez Al-Shaair,49792,LB,6,SF,76,8,10.5,0,0,1,1,6.3,3,37.5,0,0,0,0,0.0,5,62.5,0,0,1,1,10.0
Terrell Lewis,42845,ED,4,LA,39,32,82.1,0,1,3,4,6.3,6,18.8,0,1,1,2,16.7,26,81.3,0,0,2,2,3.8
Jacob Martin,50152,ED,7,HST,119,89,74.8,2,0,7,9,6.2,29,33.3,2,0,2,4,10.3,58,66.7,0,0,5,5,4.3
Fletcher Cox,7018,DI,8,PHI,243,241,99.2,4,4,18,26,6.2,223,95.7,4,4,16,24,6.3,10,4.3,0,0,1,1,5.0
Michael Danna,48415,ED,5,KC,68,66,97.1,1,0,6,7,6.1,30,45.5,0,0,4,4,6.7,36,54.5,1,0,2,3,5.6
B.J. Hill,49894,DI,7,NYG,101,99,98.0,1,2,8,11,6.1,82,86.3,1,2,7,10,6.7,13,13.7,0,0,0,0,0.0
David Onyemata,10754,DI,6,NO,143,142,99.3,3,2,9,14,6.0,57,44.2,2,0,2,4,5.3,72,55.8,0,1,5,6,4.2
Charles Omenihu,50612,DI,7,HST,141,141,100.0,2,6,7,15,6.0,85,70.8,1,4,5,10,6.5,35,29.2,0,2,2,4,5.7
Jason Pierre-Paul,5540,ED,7,TB,253,215,85.0,6,1,13,20,6.0,59,27.4,3,1,5,9,10.2,156,72.6,3,0,8,11,4.5
Za'Darius Smith,9555,ED,7,GB,214,210,98.1,6,6,7,19,6.0,100,49.8,3,1,6,10,6.5,101,50.2,3,4,1,8,5.4
L.J. Fort,7292,LB,7,BLT,112,25,22.3,0,0,3,3,6.0,6,24.0,0,0,2,2,16.7,19,76.0,0,0,1,1,2.6
Dante Fowler Jr.,9436,ED,8,ATL,230,200,87.0,3,4,14,21,6.0,123,61.5,1,0,10,11,4.9,77,38.5,2,4,4,10,7.8
Isaiah Buggs,56503,DI,6,PIT,42,42,100.0,1,1,2,4,6.0,8,26.7,0,0,0,0,0.0,22,73.3,1,0,1,2,6.8
Bilal Nichols,28451,DI,8,CHI,144,142,98.6,1,4,11,16,6.0,35,27.1,0,1,2,3,4.3,94,72.9,1,3,8,12,6.9
Jerome Baker,28091,LB,7,MIA,271,67,24.7,2,2,2,6,6.0,31,47.7,0,1,2,3,4.8,34,52.3,2,1,0,3,7.4
Taron Johnson,49511,CB,8,BUF,251,17,6.8,0,0,2,2,5.9,9,52.9,0,0,2,2,11.1,8,47.1,0,0,0,0,0.0
Akiem Hicks,7090,DI,8,CHI,269,269,100.0,4,8,16,28,5.9,257,99.6,3,8,16,27,5.8,1,0.4,0,0,0,0,0.0
Denico Autry,8982,ED,7,IND,191,188,98.4,4,1,13,18,5.9,169,89.9,4,1,12,17,6.2,19,10.1,0,0,1,1,2.6
Byron Murphy,44027,CB,7,ARZ,269,17,6.3,1,0,0,1,5.9,9,52.9,1,0,0,1,11.1,8,47.1,0,0,0,0,0.0
Devin Bush,27375,LB,5,PIT,185,17,9.2,0,0,2,2,5.9,8,53.3,0,0,1,1,6.3,7,46.7,0,0,1,1,7.1
Ifeadi Odenigbo,11975,ED,7,MIN,215,214,99.5,3,6,13,22,5.8,104,48.6,2,0,9,11,6.3,110,51.4,1,6,4,11,5.5
Jadeveon Clowney,8636,ED,7,TEN,234,225,96.2,0,6,20,26,5.8,147,66.8,0,1,9,10,3.4,73,33.2,0,5,9,14,9.6
Justin Hollins,48498,ED,8,LA,62,43,69.4,2,0,1,3,5.8,5,11.6,0,0,0,0,0.0,38,88.4,2,0,1,3,6.6
Sheldon Rankins,10646,DI,7,NO,131,129,98.5,2,5,6,13,5.8,63,61.2,1,2,2,5,4.8,40,38.8,1,2,3,6,8.8
Sam Hubbard,48457,ED,5,CIN,144,139,96.5,1,1,13,15,5.8,75,55.1,1,0,9,10,7.3,61,44.9,0,1,4,5,4.1
Arik Armstead,9450,ED,8,SF,217,215,99.1,2,5,16,23,5.8,203,94.9,2,5,16,23,6.2,11,5.1,0,0,0,0,0.0
Jaylon Smith,10668,LB,8,DAL,283,35,12.4,1,1,1,3,5.7,13,39.4,0,0,0,0,0.0,20,60.6,1,1,1,3,10.0
Charles Harris,11777,ED,6,ATL,111,96,86.5,2,0,7,9,5.7,32,33.3,0,0,2,2,3.1,64,66.7,2,0,5,7,7.0
Harold Landry III,48600,ED,7,TEN,281,220,78.3,1,7,16,24,5.7,50,22.7,0,3,8,11,11.0,170,77.3,1,4,8,13,4.1
Devon Kennard,8809,ED,5,ARZ,134,132,98.5,2,2,9,13,5.7,70,55.1,1,1,6,8,6.4,57,44.9,1,1,3,5,5.3
Jerry Tillery,49949,DI,7,LAC,206,203,98.5,2,7,12,21,5.7,95,48.0,2,3,9,14,8.4,103,52.0,0,4,3,7,3.4
Nicholas Morrow,51674,LB,7,LV,158,9,5.7,0,1,0,1,5.6,3,42.9,0,1,0,1,16.7,4,57.1,0,0,0,0,0.0
Eddie Yarbrough,11033,ED,1,MIN,9,9,100.0,0,1,0,1,5.6,2,22.2,0,0,0,0,0.0,7,77.8,0,1,0,1,7.1
Cameron Heyward,6183,DI,7,PIT,225,225,100.0,2,7,14,23,5.6,6,2.8,0,0,0,0,0.0,208,97.2,2,7,13,22,5.8
Brian Poole,11052,CB,8,NYJ,286,27,9.4,0,1,2,3,5.6,11,40.7,0,1,2,3,13.6,16,59.3,0,0,0,0,0.0
Dexter Lawrence,25991,DI,7,NYG,136,133,97.8,2,2,9,13,5.6,98,73.7,1,0,8,9,5.1,35,26.3,1,2,1,4,7.1
Jimmie Ward,8665,S,7,SF,250,9,3.6,0,0,1,1,5.6,5,55.6,0,0,0,0,0.0,4,44.4,0,0,1,1,12.5
Akeem Davis-Gaither,34788,LB,8,CIN,146,27,18.5,0,1,2,3,5.6,9,36.0,0,1,0,1,5.6,16,64.0,0,0,2,2,6.3
Henry Mondeaux,48889,DI,2,PIT,9,9,100.0,0,0,1,1,5.6,3,60.0,0,0,0,0,0.0,2,40.0,0,0,1,1,25.0
Marquis Haynes,50244,ED,8,CAR,140,119,85.0,3,1,6,10,5.5,63,53.4,2,1,2,5,5.6,55,46.6,1,0,4,5,5.5
Hercules Mata'afa,48931,ED,4,MIN,37,37,100.0,0,0,4,4,5.4,27,73.0,0,0,4,4,7.4,10,27.0,0,0,0,0,0.0
Josh Allen,50235,ED,5,JAX,147,147,100.0,1,6,8,15,5.4,101,68.7,1,6,6,13,6.9,46,31.3,0,0,2,2,2.2
Foyesade Oluokun,24904,LB,7,ATL,216,46,21.3,0,0,5,5,5.4,18,43.9,0,0,3,3,8.3,23,56.1,0,0,1,1,2.2
Quinton Jefferson,10781,DI,8,BUF,168,167,99.4,2,4,10,16,5.4,111,67.7,2,2,9,13,6.8,53,32.3,0,2,1,3,2.8
Deatrich Wise Jr.,11886,ED,7,NE,112,112,100.0,1,4,6,11,5.4,52,46.4,0,2,4,6,5.8,60,53.6,1,2,2,5,5.0
Whitney Mercilus,7031,ED,7,HST,199,185,93.0,4,5,7,16,5.4,14,7.6,1,0,1,2,10.7,171,92.4,3,5,6,14,5.0
Jonathan Allen,11772,DI,7,WAS,158,158,100.0,2,1,12,15,5.4,5,3.2,0,0,1,1,10.0,151,96.8,2,1,11,14,5.3
Frank Clark,9496,ED,8,KC,229,219,95.6,3,5,12,20,5.3,70,32.0,1,2,7,10,7.9,149,68.0,2,3,5,10,4.0
Rashan Gary,42905,ED,6,GB,106,104,98.1,2,3,4,9,5.3,63,60.6,1,2,3,6,5.6,41,39.4,1,1,1,3,4.9
Malcolm Smith,6394,LB,8,CLV,188,19,10.1,0,0,2,2,5.3,10,55.6,0,0,1,1,5.0,8,44.4,0,0,1,1,6.3
Jihad Ward,10678,ED,6,BLT,102,95,93.1,1,1,7,9,5.3,48,51.6,0,0,4,4,4.2,45,48.4,1,1,3,5,6.7
Efe Obada,10235,ED,8,CAR,128,125,97.7,1,5,6,12,5.2,48,39.3,1,1,3,5,6.3,74,60.7,0,4,3,7,4.7
Tarell Basham,11835,ED,8,NYJ,179,155,86.6,2,5,7,14,5.2,99,63.9,2,3,6,11,6.6,56,36.1,0,2,1,3,2.7
Jonathan Bullard,10706,DI,3,SEA,29,29,100.0,0,2,1,3,5.2,19,65.5,0,1,1,2,5.3,10,34.5,0,1,0,1,5.0
D.J. Wonnum,44550,ED,6,MIN,100,96,96.0,2,1,5,8,5.2,65,67.7,1,1,3,5,4.6,31,32.3,1,0,2,3,6.5
J.J. Watt,6163,ED,7,HST,241,241,100.0,3,4,15,22,5.2,200,84.4,2,4,15,21,5.8,37,15.6,1,0,0,1,2.7
Shaquem Griffin,50657,ED,4,SEA,73,48,65.8,0,2,3,5,5.2,6,12.5,0,1,0,1,8.3,42,87.5,0,1,3,4,4.8
Carl Nassib,10699,ED,7,LV,95,87,91.6,1,2,5,8,5.2,85,97.7,1,1,5,7,4.7,2,2.3,0,1,0,1,25.0
Lorenzo Carter,50126,ED,5,NYG,125,89,71.2,1,3,4,8,5.1,40,44.9,1,0,4,5,7.5,49,55.1,0,3,0,3,3.1
Austin Johnson,10677,DI,7,NYG,39,39,100.0,1,0,2,3,5.1,11,36.7,1,0,1,2,13.6,19,63.3,0,0,1,1,2.6
Jeremiah Attaochu,8685,ED,4,DEN,88,70,79.5,1,1,4,6,5.0,43,61.4,0,1,3,4,4.7,27,38.6,1,0,1,2,5.6
Yannick Ngakoue,10703,ED,7,BLT,218,210,96.3,4,4,9,17,5.0,40,19.0,0,0,2,2,2.5,170,81.0,4,4,7,15,5.6
Sam Eguavoen,15301,ED,4,MIA,44,30,68.2,0,0,3,3,5.0,18,60.0,0,0,2,2,5.6,12,40.0,0,0,1,1,4.2
Datone Jones,7807,DI,1,LV,20,20,100.0,0,0,2,2,5.0,12,63.2,0,0,2,2,8.3,7,36.8,0,0,0,0,0.0
Kwon Alexander,9557,LB,5,SF,175,30,17.1,0,0,3,3,5.0,15,57.7,0,0,1,1,3.3,11,42.3,0,0,2,2,9.1
Olivier Vernon,7074,ED,6,CLV,200,181,90.5,2,2,12,16,5.0,52,28.7,2,0,0,2,3.8,129,71.3,0,2,12,14,5.4
Harvey Langi,50118,LB,2,NYJ,51,10,19.6,0,1,0,1,5.0,2,25.0,0,1,0,1,25.0,6,75.0,0,0,0,0,0.0
Trent Murphy,8682,ED,7,BUF,126,120,95.2,2,3,5,10,5.0,120,100.0,2,3,5,10,5.0,0,0.0,0,0,0,0,
Vic Beasley Jr.,9441,ED,5,TEN,77,71,92.2,0,0,7,7,4.9,44,62.0,0,0,6,6,6.8,27,38.0,0,0,1,1,1.9
Damontre Moore,7862,ED,7,SEA,140,133,95.0,1,5,6,12,4.9,19,14.3,1,1,0,2,7.9,114,85.7,0,4,6,10,4.4
Maurice Hurst,38563,DI,6,LV,72,72,100.0,1,4,1,6,4.9,37,52.1,0,2,0,2,2.7,34,47.9,1,2,1,4,7.4
Bryce Huff,27128,ED,6,NYJ,104,91,87.5,1,0,7,8,4.9,24,26.4,0,0,2,2,4.2,67,73.6,1,0,5,6,5.2
Justin Ellis,8742,DI,5,BLT,61,61,100.0,0,1,5,6,4.9,21,42.9,0,0,3,3,7.1,28,57.1,0,1,1,2,3.6
Malik Reed,48567,ED,7,DEN,186,162,87.1,4,1,7,12,4.9,125,77.2,3,0,6,9,4.8,37,22.8,1,1,1,3,5.4
Ben Banogu,26554,ED,7,IND,61,61,100.0,0,0,6,6,4.9,28,45.9,0,0,2,2,3.6,33,54.1,0,0,4,4,6.1
Jeffery Simmons,43742,DI,6,TEN,209,207,99.0,2,8,8,18,4.8,97,54.5,1,4,4,9,5.2,81,45.5,0,2,3,5,3.1
Tyson Alualu,5535,DI,7,PIT,94,94,100.0,1,2,5,8,4.8,24,42.9,0,0,2,2,4.2,32,57.1,0,1,2,3,4.7
Alton Robinson,56857,ED,5,SEA,88,84,95.5,2,0,4,6,4.8,51,60.7,1,0,4,5,5.9,33,39.3,1,0,0,1,3.0
Leonard Floyd,10643,ED,8,LA,290,248,85.5,4,5,11,20,4.8,222,89.5,3,4,8,15,4.1,26,10.5,1,1,3,5,11.5
Clelin Ferrell,25955,ED,7,LV,168,166,98.8,0,2,14,16,4.8,12,7.2,0,0,1,1,4.2,154,92.8,0,2,13,15,4.9
Jordan Hicks,9517,LB,7,ARZ,291,43,14.8,0,1,3,4,4.7,24,60.0,0,0,2,2,4.2,16,40.0,0,1,0,1,3.1
Quinnen Williams,44216,DI,8,NYJ,192,190,99.0,3,3,9,15,4.7,15,8.0,0,0,0,0,0.0,173,92.0,3,3,9,15,5.2
Calais Campbell,4364,DI,7,BLT,207,201,97.1,3,3,10,16,4.7,111,59.7,3,1,7,11,6.3,75,40.3,0,1,3,4,2.7
Maxx Crosby,26316,ED,7,LV,201,193,96.0,4,1,9,14,4.7,145,75.1,3,1,8,12,5.2,48,24.9,1,0,1,2,3.1
Ben Niemann,51099,LB,8,KC,148,43,29.1,1,1,1,3,4.7,20,60.6,1,1,0,2,7.5,13,39.4,0,0,0,0,0.0
Roy Robertson-Harris,11341,DI,8,CHI,131,131,100.0,0,5,7,12,4.6,10,7.7,0,1,0,1,5.0,120,92.3,0,4,7,11,4.6
Robert Quinn,6166,ED,7,CHI,157,153,97.5,1,2,10,13,4.6,5,3.3,0,0,1,1,10.0,148,96.7,1,2,9,12,4.4
Morgan Fox,11184,DI,8,LA,120,120,100.0,2,0,7,9,4.6,56,47.1,2,0,4,6,7.1,63,52.9,0,0,3,3,2.4
Michael Brockers,7020,DI,8,LA,196,196,100.0,2,2,12,16,4.6,92,48.2,1,1,7,9,5.4,99,51.8,1,1,5,7,4.0
Justin Houston,6222,ED,7,IND,178,173,97.2,4,2,6,12,4.6,54,31.2,0,0,2,2,1.9,119,68.8,4,2,4,10,5.9
Carl Granderson,48500,ED,7,NO,67,65,97.0,1,0,4,5,4.6,14,21.5,0,0,1,1,3.6,51,78.5,1,0,3,4,4.9
Trysten Hill,44519,DI,5,DAL,100,100,100.0,0,3,6,9,4.5,53,53.5,0,1,6,7,6.6,46,46.5,0,2,0,2,2.2
Juston Burris,10752,S,6,CAR,217,11,5.1,0,0,1,1,4.5,6,54.5,0,0,0,0,0.0,5,45.5,0,0,1,1,10.0
Kenneth Murray,58099,LB,7,LAC,284,11,3.9,0,0,1,1,4.5,6,60.0,0,0,1,1,8.3,4,40.0,0,0,0,0,0.0
Kingsley Keke,48718,DI,7,GB,125,121,96.8,2,0,7,9,4.5,51,43.2,1,0,3,4,4.9,67,56.8,1,0,4,5,4.5
Jordan Jenkins,10717,ED,8,NYJ,166,143,86.1,1,1,10,12,4.5,32,22.4,0,1,4,5,7.8,111,77.6,1,0,6,7,3.6
Kyle Phillips,36340,ED,7,NYJ,71,67,94.4,0,1,5,6,4.5,59,88.1,0,0,5,5,4.2,8,11.9,0,1,0,1,6.3
Tashawn Bower,50170,ED,2,NE,11,11,100.0,0,0,1,1,4.5,6,54.5,0,0,1,1,8.3,5,45.5,0,0,0,0,0.0
Alex Barrett,12183,ED,3,SF,22,22,100.0,0,0,2,2,4.5,11,50.0,0,0,1,1,4.5,11,50.0,0,0,1,1,4.5
Zach Kerr,9195,DI,7,CAR,103,103,100.0,0,4,5,9,4.4,60,58.3,0,2,4,6,5.0,43,41.7,0,2,1,3,3.5
Steve McLendon,5232,DI,7,TB,79,79,100.0,0,0,7,7,4.4,54,76.1,0,0,6,6,5.6,17,23.9,0,0,1,1,2.9
Trey Flowers,9534,ED,7,DET,181,172,95.0,2,1,10,13,4.4,17,11.7,0,0,0,0,0.0,128,88.3,2,0,7,9,4.3
Kevin Givens,28308,DI,8,SF,127,127,100.0,1,1,8,10,4.3,77,62.1,0,1,6,7,4.5,47,37.9,1,0,2,3,4.3
Darryl Johnson,37479,ED,7,BUF,38,35,92.1,1,0,1,2,4.3,24,68.6,1,0,1,2,6.3,11,31.4,0,0,0,0,0.0
Kylie Fitts,48553,ED,5,ARZ,55,46,83.6,0,1,3,4,4.3,24,53.3,0,1,2,3,6.3,21,46.7,0,0,1,1,2.4
P.J. Hall,31211,DI,7,HST,105,105,100.0,1,1,6,8,4.3,58,56.9,1,1,5,7,6.9,44,43.1,0,0,1,1,1.1
Tae Crowder,35774,LB,4,NYG,90,12,13.3,0,1,0,1,4.2,5,41.7,0,0,0,0,0.0,7,58.3,0,1,0,1,7.1
Dorance Armstrong,48557,ED,8,DAL,72,60,83.3,0,1,4,5,4.2,32,53.3,0,1,2,3,4.7,28,46.7,0,0,2,2,3.6
Arden Key,50201,ED,6,LV,128,119,93.0,0,4,6,10,4.2,22,18.5,0,1,0,1,2.3,97,81.5,0,3,6,9,4.6
Anthony Walker,11916,LB,7,IND,181,12,6.6,0,0,1,1,4.2,6,60.0,0,0,1,1,8.3,4,40.0,0,0,0,0,0.0
Rashaan Evans,50213,LB,7,TEN,192,24,12.5,0,1,1,2,4.2,11,45.8,0,1,0,1,4.5,13,54.2,0,0,1,1,3.8
Dre Greenlaw,51503,LB,6,SF,133,24,18.0,1,0,0,1,4.2,11,52.4,1,0,0,1,9.1,10,47.6,0,0,0,0,0.0
Dalvin Tomlinson,11810,DI,7,NYG,145,143,98.6,1,3,7,11,4.2,40,34.8,1,1,1,3,5.0,75,65.2,0,1,4,5,3.3
Anthony Barr,8644,LB,2,MIN,47,12,25.5,0,0,1,1,4.2,3,25.0,0,0,1,1,16.7,9,75.0,0,0,0,0,0.0
Bryan Mone,38461,DI,7,SEA,84,84,100.0,1,0,5,6,4.2,10,33.3,0,0,0,0,0.0,20,66.7,0,0,1,1,2.5
Tyrone Crawford,7083,DI,8,DAL,143,142,99.3,0,1,11,12,4.2,78,59.1,0,0,10,10,6.4,54,40.9,0,0,0,0,0.0
Benson Mayowa,8196,ED,6,SEA,231,216,93.5,2,2,12,16,4.2,184,85.2,1,2,11,14,4.1,32,14.8,1,0,1,2,4.7
Sheldon Richardson,7794,DI,8,CLV,254,254,100.0,3,0,15,18,4.1,151,60.2,1,0,12,13,4.6,100,39.8,2,0,3,5,3.5
John Cominsky,88313,DI,5,ATL,123,123,100.0,0,1,9,10,4.1,58,48.7,0,1,8,9,7.8,61,51.3,0,0,1,1,0.8
James Vaughters,9934,ED,8,CHI,93,74,79.6,2,0,2,4,4.1,42,56.8,2,0,1,3,6.0,32,43.2,0,0,1,1,1.6
Carlos Dunlap,5579,ED,7,SEA,178,172,96.6,1,2,10,13,4.1,148,86.0,1,2,9,12,4.4,24,14.0,0,0,1,1,2.1
Al-Quadin Muhammad,11951,ED,7,IND,165,158,95.8,1,3,8,12,4.1,56,35.4,0,2,5,7,6.3,102,64.6,1,1,3,5,2.9
Logan Wilson,29623,LB,7,CIN,121,37,30.6,1,0,1,2,4.1,23,63.9,1,0,1,2,6.5,13,36.1,0,0,0,0,0.0
Lawrence Guy,6385,DI,7,NE,114,113,99.1,1,3,4,8,4.0,76,68.5,1,3,4,8,5.9,35,31.5,0,0,0,0,0.0
Jordan Phillips,9485,DI,7,ARZ,141,139,98.6,2,3,4,9,4.0,78,58.2,2,1,2,5,4.5,56,41.8,0,2,2,4,3.6
Kamalei Correa,10676,LB,5,JAX,50,25,50.0,0,2,0,2,4.0,11,44.0,0,1,0,1,4.5,14,56.0,0,1,0,1,3.6
Tanoh Kpassagnon,11814,ED,8,KC,244,239,98.0,1,3,14,18,4.0,144,60.5,0,2,11,13,4.5,94,39.5,1,1,3,5,3.2
Daron Payne,48698,DI,7,WAS,188,186,98.9,1,2,11,14,4.0,138,80.2,0,2,7,9,3.3,34,19.8,1,0,4,5,8.8
John Simon,7911,ED,7,NE,142,103,72.5,1,1,5,7,3.9,70,68.0,1,1,3,5,4.3,33,32.0,0,0,2,2,3.0
Henry Anderson,9526,DI,8,NYJ,115,114,99.1,0,1,8,9,3.9,74,65.5,0,1,5,6,4.1,39,34.5,0,0,3,3,3.8
Hassan Ridgeway,10750,DI,7,PHI,65,64,98.5,1,0,3,4,3.9,13,20.3,1,0,0,1,7.7,51,79.7,0,0,3,3,2.9
Josh Sweat,50120,ED,8,PHI,158,152,96.2,3,2,4,9,3.9,13,8.6,0,1,0,1,3.8,139,91.4,3,1,4,8,4.0
L.J. Collier,48822,DI,7,SEA,157,155,98.7,1,3,7,11,3.9,73,47.1,1,2,5,8,6.2,82,52.9,0,1,2,3,1.8
Billy Winn,7190,DI,3,GB,14,13,92.9,0,0,1,1,3.8,10,76.9,0,0,1,1,5.0,3,23.1,0,0,0,0,0.0
Linval Joseph,5571,DI,7,LAC,210,208,99.0,0,2,14,16,3.8,65,33.5,0,1,5,6,4.6,129,66.5,0,1,8,9,3.5
Jayon Brown,11910,LB,7,TEN,285,26,9.1,0,1,1,2,3.8,14,63.6,0,1,0,1,3.6,8,36.4,0,0,0,0,0.0
Kyler Fackrell,10722,ED,7,NYG,199,143,71.9,3,2,3,8,3.8,62,43.4,0,0,0,0,0.0,81,56.6,3,2,3,8,6.8
De'Vondre Campbell,10749,LB,7,ARZ,295,26,8.8,0,0,2,2,3.8,11,42.3,0,0,2,2,9.1,15,57.7,0,0,0,0,0.0
Corey Peters,5607,DI,7,ARZ,187,186,99.5,2,2,8,12,3.8,64,38.1,0,0,3,3,2.3,104,61.9,2,2,5,9,5.3
Olasunkanmi Adeniyi,50154,ED,5,PIT,27,27,100.0,0,0,2,2,3.7,7,28.0,0,0,0,0,0.0,18,72.0,0,0,1,1,2.8
Ross Blacklock,44526,DI,6,HST,42,41,97.6,1,0,1,2,3.7,15,36.6,0,0,0,0,0.0,26,63.4,1,0,1,2,5.8
Zach Allen,49605,ED,7,ARZ,110,109,99.1,1,3,3,7,3.7,59,54.6,0,2,1,3,2.5,49,45.4,1,1,2,4,5.1
Brandon Copeland,8378,LB,4,NE,29,14,48.3,0,1,0,1,3.6,8,61.5,0,1,0,1,6.3,5,38.5,0,0,0,0,0.0
Sione Takitaki,12666,LB,8,CLV,112,14,12.5,0,1,0,1,3.6,6,42.9,0,0,0,0,0.0,8,57.1,0,1,0,1,6.3
Benardrick McKinney,9476,LB,4,HST,90,14,15.6,0,0,1,1,3.6,5,50.0,0,0,0,0,0.0,5,50.0,0,0,1,1,10.0
Chandler Jones,7027,ED,5,ARZ,155,151,97.4,1,4,5,10,3.6,47,31.1,1,1,3,5,6.4,104,68.9,0,3,2,5,2.4
Dion Jordan,7785,ED,6,SF,97,97,100.0,1,2,3,6,3.6,24,24.7,0,0,0,0,0.0,73,75.3,1,2,3,6,4.8
Stephen Weatherly,10861,ED,8,CAR,174,169,97.1,0,2,10,12,3.6,100,59.5,0,2,4,6,3.0,68,40.5,0,0,6,6,4.4
Germaine Pratt,29407,LB,8,CIN,156,14,9.0,0,0,1,1,3.6,5,45.5,0,0,1,1,10.0,6,54.5,0,0,0,0,0.0
Kevin Pierre-Louis,8767,LB,7,WAS,201,28,13.9,0,0,2,2,3.6,12,42.9,0,0,1,1,4.2,16,57.1,0,0,1,1,3.1
Harrison Phillips,48690,DI,6,BUF,102,101,99.0,0,3,4,7,3.5,40,40.4,0,3,1,4,5.0,59,59.6,0,0,3,3,2.5
Ndamukong Suh,5527,DI,7,TB,227,227,100.0,3,4,6,13,3.5,165,74.3,3,2,6,11,4.2,57,25.7,0,2,0,2,1.8
Jack Crawford,7151,DI,7,TEN,101,101,100.0,1,2,3,6,3.5,67,67.7,1,2,1,4,3.7,32,32.3,0,0,1,1,1.6
Kendal Vickers,48993,DI,6,LV,57,57,100.0,0,0,4,4,3.5,23,40.4,0,0,4,4,8.7,34,59.6,0,0,0,0,0.0
Isaiah Mack,26229,DI,6,TEN,44,43,97.7,0,1,2,3,3.5,19,44.2,0,1,1,2,5.3,24,55.8,0,0,1,1,2.1
Vernon Butler,10664,DI,6,BUF,102,101,99.0,0,1,6,7,3.5,71,71.0,0,1,3,4,2.8,29,29.0,0,0,3,3,5.2
Tershawn Wharton,40292,DI,8,KC,118,113,95.8,1,0,6,7,3.5,60,56.6,1,0,1,2,2.5,46,43.4,0,0,5,5,5.4
Christian Jones,9020,LB,7,DET,124,59,47.6,0,1,3,4,3.4,47,81.0,0,1,3,4,4.3,11,19.0,0,0,0,0,0.0
Alex Anzalone,11831,LB,7,NO,200,29,14.5,0,0,2,2,3.4,7,30.4,0,0,1,1,7.1,16,69.6,0,0,1,1,3.1
Isaac Rochell,11980,ED,7,LAC,103,103,100.0,2,0,3,5,3.4,58,56.3,1,0,1,2,2.6,45,43.7,1,0,2,3,4.4
Dre'Mont Jones,28075,DI,4,DEN,87,87,100.0,1,3,1,5,3.4,47,55.3,1,2,1,4,5.3,38,44.7,0,1,0,1,1.3
Shaq Thompson,9458,LB,8,CAR,290,29,10.0,0,0,2,2,3.4,10,34.5,0,0,2,2,10.0,19,65.5,0,0,0,0,0.0
DaQuan Jones,8747,DI,7,TEN,160,153,95.6,1,1,7,9,3.3,79,53.4,1,1,5,7,5.1,69,46.6,0,0,2,2,1.4
Samson Ebukam,11880,ED,8,LA,103,91,88.3,1,0,4,5,3.3,14,15.4,0,0,0,0,0.0,77,84.6,1,0,4,5,3.9
Bruce Irvin,7021,ED,2,SEA,82,60,73.2,0,2,2,4,3.3,10,16.7,0,1,0,1,5.0,50,83.3,0,1,2,3,3.0
Cassius Marsh,8743,ED,4,JAX,54,30,55.6,0,0,2,2,3.3,12,40.0,0,0,0,0,0.0,18,60.0,0,0,2,2,5.6
Khalid Kareem,42993,ED,8,CIN,79,76,96.2,0,2,3,5,3.3,75,98.7,0,2,3,5,3.3,1,1.3,0,0,0,0,0.0
Justin Jones,48940,DI,4,LAC,91,91,100.0,0,0,6,6,3.3,53,61.6,0,0,5,5,4.7,33,38.4,0,0,1,1,1.5
Jalyn Holmes,48400,ED,7,MIN,167,165,98.8,0,2,9,11,3.3,114,72.6,0,2,6,8,3.5,43,27.4,0,0,3,3,3.5
Cam Brown,42516,ED,2,NYG,15,15,100.0,0,0,1,1,3.3,14,93.3,0,0,1,1,3.6,1,6.7,0,0,0,0,0.0
Daniel Sorensen,9253,S,8,KC,252,31,12.3,0,2,0,2,3.2,17,54.8,0,1,0,1,2.9,14,45.2,0,1,0,1,3.6
D.J. Jones,11953,DI,8,SF,126,126,100.0,1,0,6,7,3.2,34,29.6,0,0,2,2,2.9,81,70.4,1,0,3,4,3.1
Damion Square,8042,DI,7,LAC,62,62,100.0,1,0,2,3,3.2,26,44.8,1,0,2,3,7.7,32,55.2,0,0,0,0,0.0
Mykal Walker,57834,LB,8,ATL,122,31,25.4,0,2,0,2,3.2,16,51.6,0,2,0,2,6.3,15,48.4,0,0,0,0,0.0
Javon Kinlaw,56834,DI,8,SF,189,189,100.0,0,2,10,12,3.2,88,48.6,0,1,5,6,3.4,93,51.4,0,1,5,6,3.2
Jeremiah Ledbetter,11960,DI,1,TB,16,16,100.0,0,1,0,1,3.1,5,35.7,0,0,0,0,0.0,9,64.3,0,1,0,1,5.6
Derek Wolfe,7040,DI,5,BLT,115,112,97.4,1,1,4,6,3.1,56,60.9,0,1,3,4,3.6,36,39.1,0,0,1,1,1.4
Larry Ogunjobi,11820,DI,7,CLV,163,163,100.0,0,0,10,10,3.1,64,41.0,0,0,5,5,3.9,92,59.0,0,0,5,5,2.7
Adrian Clayborn,6172,ED,7,CLV,99,97,98.0,2,0,2,4,3.1,13,13.4,0,0,0,0,0.0,84,86.6,2,0,2,4,3.6
Porter Gustin,50290,ED,8,CLV,132,127,96.2,1,1,5,7,3.1,88,69.3,0,1,2,3,1.7,39,30.7,1,0,3,4,6.4
Greg Gaines,48706,DI,8,LA,48,48,100.0,1,0,1,2,3.1,15,50.0,0,0,0,0,0.0,15,50.0,1,0,1,2,10.0
Vonn Bell,10695,S,8,CIN,303,16,5.3,0,1,0,1,3.1,10,66.7,0,1,0,1,5.0,5,33.3,0,0,0,0,0.0
Christian Covington,9649,DI,8,CIN,131,128,97.7,1,0,6,7,3.1,40,31.7,1,0,4,5,7.5,86,68.3,0,0,2,2,1.2
Kenny Clark,10661,DI,4,GB,68,67,98.5,0,0,4,4,3.0,26,41.9,0,0,3,3,5.8,36,58.1,0,0,1,1,1.4
Jordan Willis,11828,ED,3,SF,34,33,97.1,0,0,2,2,3.0,0,0.0,0,0,0,0,,33,100.0,0,0,2,2,3.0
Derrick Brown,43883,DI,8,CAR,199,197,99.0,0,1,11,12,3.0,88,51.8,0,0,5,5,2.8,82,48.2,0,1,6,7,4.3
Angelo Blackson,9533,DI,7,ARZ,134,132,98.5,1,2,4,7,3.0,74,56.1,1,0,2,3,2.7,58,43.9,0,2,2,4,3.4
DeShawn Williams,9891,DI,5,DEN,86,86,100.0,0,1,4,5,2.9,52,61.9,0,0,0,0,0.0,32,38.1,0,1,3,4,6.3
Andrew Brown,49636,DI,4,CIN,17,17,100.0,0,0,1,1,2.9,3,17.6,0,0,0,0,0.0,14,82.4,0,0,1,1,3.6
Preston Smith,9471,ED,7,GB,214,154,72.0,1,1,6,8,2.9,74,48.1,1,0,2,3,2.7,80,51.9,0,1,4,5,3.1
Caraun Reid,8793,DI,3,JAX,35,35,100.0,0,0,2,2,2.9,7,23.3,0,0,0,0,0.0,23,76.7,0,0,2,2,4.3
Bobby Okereke,50954,LB,7,IND,223,17,7.6,0,1,0,1,2.9,8,50.0,0,0,0,0,0.0,8,50.0,0,1,0,1,6.3
Anthony Rush,56895,DI,4,SEA,34,34,100.0,1,0,0,1,2.9,19,55.9,0,0,0,0,0.0,15,44.1,1,0,0,1,6.7
Frankie Luvu,51028,LB,5,NYJ,35,17,48.6,0,0,1,1,2.9,17,100.0,0,0,1,1,2.9,0,0.0,0,0,0,0,
Stephen Sullivan,40411,ED,1,SEA,20,17,85.0,0,0,1,1,2.9,13,76.5,0,0,0,0,0.0,4,23.5,0,0,1,1,12.5
McTelvin Agim,43069,DI,2,DEN,18,18,100.0,0,0,1,1,2.8,5,27.8,0,0,0,0,0.0,13,72.2,0,0,1,1,3.8
Davon Hamilton,28072,DI,7,JAX,107,107,100.0,0,4,2,6,2.8,54,51.4,0,2,0,2,1.9,51,48.6,0,2,2,4,3.9
Neville Gallimore,28094,DI,6,DAL,53,53,100.0,0,1,2,3,2.8,32,61.5,0,1,1,2,3.1,20,38.5,0,0,0,0,0.0
Margus Hunt,7834,ED,6,CIN,71,71,100.0,0,1,3,4,2.8,46,64.8,0,0,2,2,2.2,25,35.2,0,1,1,2,4.0
Adam Butler,12214,DI,7,NE,108,107,99.1,0,0,6,6,2.8,34,49.3,0,0,2,2,2.9,35,50.7,0,0,1,1,1.4
Danny Shelton,9445,DI,7,DET,141,141,100.0,1,2,4,7,2.8,33,28.4,0,1,2,3,4.5,83,71.6,1,1,1,3,2.4
Jurrell Casey,6229,DI,3,DEN,92,92,100.0,0,2,3,5,2.7,75,86.2,0,2,1,3,2.0,12,13.8,0,0,1,1,4.2
Poona Ford,48875,DI,7,SEA,188,188,100.0,0,2,8,10,2.7,48,35.8,0,1,0,1,1.0,86,64.2,0,1,4,5,2.9
Grover Stewart,11899,DI,7,IND,113,111,98.2,0,0,6,6,2.7,56,50.5,0,0,4,4,3.6,55,49.5,0,0,2,2,1.8
Tyeler Davison,9587,DI,8,ATL,111,110,99.1,0,1,5,6,2.7,35,48.6,0,1,0,1,1.4,37,51.4,0,0,1,1,1.4
Rashard Lawrence,44515,DI,5,ARZ,38,37,97.4,0,0,2,2,2.7,19,52.8,0,0,1,1,2.6,17,47.2,0,0,1,1,2.9
Anthony Chickillo,9645,ED,5,DEN,61,56,91.8,1,0,1,2,2.7,21,37.5,0,0,1,1,2.4,35,62.5,1,0,0,1,2.9
Vincent Taylor,11949,DI,7,CLV,75,75,100.0,0,1,3,4,2.7,40,54.8,0,0,2,2,2.5,33,45.2,0,1,1,2,3.0
Oshane Ximines,48538,ED,4,NYG,59,56,94.9,0,2,1,3,2.7,30,54.5,0,2,1,3,5.0,25,45.5,0,0,0,0,0.0
Demone Harris,48452,ED,1,KC,21,19,90.5,0,0,1,1,2.6,15,78.9,0,0,1,1,3.3,4,21.1,0,0,0,0,0.0
Brennan Scarlett,11169,ED,7,HST,98,58,59.2,0,1,2,3,2.6,31,53.4,0,0,1,1,1.6,27,46.6,0,1,1,2,3.7
Armon Watts,27844,DI,7,MIN,77,77,100.0,0,0,4,4,2.6,44,58.7,0,0,1,1,1.1,31,41.3,0,0,3,3,4.8
Jarran Reed,10683,DI,7,SEA,279,271,97.1,2,2,8,12,2.6,181,67.5,0,2,5,7,1.9,87,32.5,2,0,3,5,4.0
K'Lavon Chaisson,57945,ED,7,JAX,156,153,98.1,1,1,5,7,2.6,57,37.3,0,0,2,2,1.8,96,62.7,1,1,3,5,3.1
Christian Wilkins,50293,DI,7,MIA,190,180,94.7,1,0,7,8,2.5,95,61.7,0,0,5,5,2.6,59,38.3,0,0,1,1,0.8
Dean Lowry,10771,DI,7,GB,124,122,98.4,1,0,4,5,2.5,73,60.3,1,0,3,4,3.4,48,39.7,0,0,1,1,1.0
Amani Bledsoe,42782,ED,8,CIN,83,79,95.2,0,0,4,4,2.5,38,48.7,0,0,3,3,3.9,40,51.3,0,0,1,1,1.3
Jacob Tuioti-Mariner,50141,ED,7,ATL,78,59,75.6,0,1,2,3,2.5,32,55.2,0,0,2,2,3.1,26,44.8,0,1,0,1,1.9
Deadrin Senat,48815,DI,4,ATL,20,20,100.0,0,0,1,1,2.5,11,55.0,0,0,0,0,0.0,9,45.0,0,0,1,1,5.6
Adrian Phillips,9177,S,7,NE,162,21,13.0,0,0,1,1,2.4,8,40.0,0,0,0,0,0.0,12,60.0,0,0,1,1,4.2
Sheldon Day,10737,DI,2,IND,21,21,100.0,0,0,1,1,2.4,9,45.0,0,0,0,0,0.0,11,55.0,0,0,1,1,4.5
Sebastian Joseph-Day,49935,DI,8,LA,85,85,100.0,0,3,1,4,2.4,23,39.7,0,0,0,0,0.0,35,60.3,0,1,1,2,2.9
Xavier Williams,9809,DI,4,CIN,42,41,97.6,1,0,0,1,2.4,27,77.1,1,0,0,1,3.7,8,22.9,0,0,0,0,0.0
Steven Means,7929,ED,8,ATL,155,149,96.1,0,3,4,7,2.3,53,37.6,0,1,2,3,2.8,88,62.4,0,2,2,4,2.3
Taven Bryan,48753,DI,7,JAX,154,152,98.7,1,4,1,6,2.3,84,56.4,1,4,1,6,4.2,65,43.6,0,0,0,0,0.0
Folorunso Fatukasi,38558,DI,8,NYJ,88,88,100.0,0,0,4,4,2.3,48,64.0,0,0,1,1,1.0,27,36.0,0,0,2,2,3.7
Nick Thurman,49607,DI,5,NE,22,22,100.0,0,0,1,1,2.3,5,33.3,0,0,0,0,0.0,10,66.7,0,0,1,1,5.0
Ezekiel Ansah,8094,ED,2,SF,22,22,100.0,0,0,1,1,2.3,0,0.0,0,0,0,0,,22,100.0,0,0,1,1,2.3
Brandon Jones,43049,S,7,MIA,122,23,18.9,0,0,1,1,2.2,16,69.6,0,0,0,0,0.0,7,30.4,0,0,1,1,7.1
Allen Bailey,6238,DI,8,ATL,137,136,99.3,1,2,2,5,2.2,66,52.0,1,1,1,3,3.0,61,48.0,0,1,1,2,1.6
John Jenkins,7863,DI,5,CHI,47,46,97.9,0,0,2,2,2.2,10,47.6,0,0,1,1,5.0,11,52.4,0,0,0,0,0.0
Brandon Williams,7875,DI,6,BLT,95,95,100.0,0,1,3,4,2.1,34,43.6,0,0,1,1,1.5,44,56.4,0,0,2,2,2.3
Rasheem Green,48731,DI,1,SEA,24,24,100.0,0,0,1,1,2.1,2,8.3,0,0,0,0,0.0,22,91.7,0,0,1,1,2.3
Raekwon Davis,44582,DI,7,MIA,74,72,97.3,0,0,3,3,2.1,22,42.3,0,0,1,1,2.3,30,57.7,0,0,2,2,3.3
Kahlil McKenzie,62935,DI,3,CIN,24,24,100.0,0,0,1,1,2.1,7,33.3,0,0,0,0,0.0,14,66.7,0,0,1,1,3.6
Carlos Watkins,11897,DI,7,HST,72,72,100.0,1,0,1,2,2.1,31,43.1,0,0,1,1,1.6,41,56.9,1,0,0,1,2.4
Leki Fotu,44614,DI,5,ARZ,72,72,100.0,0,0,3,3,2.1,35,50.7,0,0,2,2,2.9,34,49.3,0,0,1,1,1.5
Taylor Stallworth,48935,DI,7,IND,48,47,97.9,1,0,0,1,2.1,21,44.7,1,0,0,1,4.8,26,55.3,0,0,0,0,0.0
Maliek Collins,10701,DI,6,LV,140,140,100.0,0,1,5,6,2.1,106,77.9,0,1,4,5,2.4,30,22.1,0,0,1,1,1.7
Jahlani Tavai,51055,LB,7,DET,145,49,33.8,0,1,1,2,2.0,34,70.8,0,0,0,0,0.0,14,29.2,0,1,1,2,7.1
Davon Godchaux,11934,DI,5,MIA,78,76,97.4,0,2,1,3,2.0,31,45.6,0,0,1,1,1.6,37,54.4,0,1,0,1,1.4
Brandon Dunn,9262,DI,7,HST,103,102,99.0,0,2,2,4,2.0,48,49.0,0,1,1,2,2.1,50,51.0,0,1,1,2,2.0
Dee Ford,8658,ED,1,SF,27,25,92.6,0,0,1,1,2.0,22,91.7,0,0,1,1,2.3,2,8.3,0,0,0,0,0.0
Mike Daniels,7132,DI,4,CIN,54,54,100.0,0,0,2,2,1.9,22,48.9,0,0,1,1,2.3,23,51.1,0,0,0,0,0.0
Derrick Nnadi,49970,DI,8,KC,110,107,97.3,0,0,4,4,1.9,33,30.8,0,0,2,2,3.0,74,69.2,0,0,2,2,1.4
Da'Shawn Hand,48386,DI,7,DET,132,132,100.0,0,0,5,5,1.9,74,60.7,0,0,3,3,2.0,48,39.3,0,0,1,1,1.0
Justin Hamilton,9732,DI,3,DAL,26,26,100.0,0,0,1,1,1.9,14,56.0,0,0,1,1,3.6,11,44.0,0,0,0,0,0.0
Mike Purcell,8530,DI,6,DEN,114,113,99.1,1,1,1,3,1.8,52,54.2,0,1,0,1,1.0,44,45.8,1,0,1,2,3.4
Johnathan Hankins,7830,DI,7,LV,141,139,98.6,0,1,4,5,1.8,55,41.4,0,1,1,2,1.8,78,58.6,0,0,3,3,1.9
Malcom Brown,9465,DI,7,NO,113,112,99.1,0,0,4,4,1.8,49,51.6,0,0,2,2,2.0,46,48.4,0,0,2,2,2.2
Damien Wilson,9560,LB,8,KC,148,30,20.3,0,0,1,1,1.7,18,60.0,0,0,1,1,2.8,12,40.0,0,0,0,0,0.0
Geno Atkins,5643,DI,4,CIN,59,59,100.0,0,0,2,2,1.7,16,47.1,0,0,1,1,3.1,18,52.9,0,0,0,0,0.0
Justin Madubuike,44304,DI,3,BLT,32,32,100.0,0,1,0,1,1.6,16,50.0,0,1,0,1,3.1,16,50.0,0,0,0,0,0.0
Nathan Shepherd,24614,DI,6,NYJ,62,61,98.4,0,1,1,2,1.6,17,28.8,0,0,1,1,2.9,42,71.2,0,1,0,1,1.2
Bravvion Roy,25644,DI,7,CAR,62,62,100.0,0,1,1,2,1.6,17,42.5,0,0,1,1,2.9,23,57.5,0,1,0,1,2.2
K.J. Wright,6251,LB,7,SEA,297,31,10.4,0,0,1,1,1.6,13,43.3,0,0,0,0,0.0,17,56.7,0,0,1,1,2.9
Timmy Jernigan,8683,DI,5,DEN,33,33,100.0,0,1,0,1,1.5,13,40.6,0,1,0,1,3.8,19,59.4,0,0,0,0,0.0
Alex Highsmith,43507,ED,7,PIT,45,33,73.3,0,0,1,1,1.5,25,78.1,0,0,1,1,2.0,7,21.9,0,0,0,0,0.0
DeMarcus Walker,11806,DI,4,DEN,34,34,100.0,0,0,1,1,1.5,22,64.7,0,0,1,1,2.3,12,35.3,0,0,0,0,0.0
Byron Cowart,50588,DI,6,NE,67,67,100.0,0,1,1,2,1.5,14,29.8,0,1,0,1,3.6,33,70.2,0,0,1,1,1.5
Antwaun Woods,11332,DI,8,DAL,112,111,99.1,1,1,0,2,1.4,47,42.3,0,1,0,1,1.1,64,57.7,1,0,0,1,1.6
Brent Urban,8769,DI,8,CHI,71,71,100.0,1,0,0,1,1.4,22,37.3,0,0,0,0,0.0,37,62.7,1,0,0,1,2.7
Shy Tuttle,37279,DI,4,NO,37,36,97.3,0,0,1,1,1.4,17,54.8,0,0,0,0,0.0,14,45.2,0,0,1,1,3.6
Kawann Short,7825,DI,3,CAR,70,69,98.6,0,1,1,2,1.4,37,55.2,0,0,1,1,1.4,30,44.8,0,1,0,1,1.7
D.J. Reader,10800,DI,5,CIN,142,142,100.0,0,1,3,4,1.4,76,59.8,0,1,2,3,2.0,51,40.2,0,0,0,0,0.0
Jaleel Johnson,11864,DI,7,MIN,152,152,100.0,1,0,2,3,1.3,85,55.9,1,0,2,3,2.4,67,44.1,0,0,0,0,0.0
Montravius Adams,11848,DI,6,GB,43,40,93.0,0,0,1,1,1.3,20,57.1,0,0,0,0,0.0,15,42.9,0,0,0,0,0.0
Broderick Washington Jr.,50049,DI,4,BLT,41,41,100.0,0,0,1,1,1.2,15,37.5,0,0,1,1,3.3,25,62.5,0,0,0,0,0.0
Malcolm Roach,50191,DI,4,NO,44,44,100.0,0,0,1,1,1.1,13,33.3,0,0,0,0,0.0,26,66.7,0,0,1,1,1.9
Jordan Elliott,56734,DI,8,CLV,92,92,100.0,0,0,2,2,1.1,49,53.3,0,0,2,2,2.0,43,46.7,0,0,0,0,0.0
Jonathan Garvin,56703,ED,6,GB,46,45,97.8,0,0,1,1,1.1,13,28.9,0,0,0,0,0.0,32,71.1,0,0,1,1,1.6
Adam Gotsis,10697,ED,7,JAX,95,95,100.0,0,0,2,2,1.1,47,49.5,0,0,2,2,2.1,48,50.5,0,0,0,0,0.0
Shamar Stephen,8854,DI,7,MIN,144,144,100.0,0,0,3,3,1.0,55,39.0,0,0,1,1,0.9,86,61.0,0,0,2,2,1.2
Doug Costin,44473,DI,4,JAX,56,56,100.0,0,0,1,1,0.9,25,47.2,0,0,1,1,2.0,28,52.8,0,0,0,0,0.0
Ryan Anderson,11804,ED,7,WAS,56,55,98.2,0,0,1,1,0.9,18,33.3,0,0,0,0,0.0,36,66.7,0,0,1,1,1.4
Rakeem Nunez-Roches,9650,DI,7,TB,111,108,97.3,0,0,2,2,0.9,30,35.3,0,0,0,0,0.0,55,64.7,0,0,1,1,0.9
Joe Jackson,44615,ED,3,CLV,55,53,96.4,0,0,1,1,0.9,31,58.5,0,0,1,1,1.6,22,41.5,0,0,0,0,0.0
Mike Pennel,9316,DI,6,KC,67,66,98.5,0,0,1,1,0.8,45,68.2,0,0,1,1,1.1,21,31.8,0,0,0,0,0.0
Tyler Lancaster,48604,DI,6,GB,62,62,100.0,0,0,1,1,0.8,28,58.3,0,0,1,1,1.8,20,41.7,0,0,0,0,0.0
Kentavius Street,48404,DI,7,SF,69,69,100.0,0,0,1,1,0.7,22,31.9,0,0,0,0,0.0,47,68.1,0,0,1,1,1.1
Dontari Poe,7017,DI,7,DAL,121,120,99.2,0,0,1,1,0.4,49,43.4,0,0,0,0,0.0,64,56.6,0,0,1,1,0.8
Zack Baun,34632,LB,3,NO,9,3,33.3,0,0,0,0,0.0,1,33.3,0,0,0,0,0.0,2,66.7,0,0,0,0,0.0
Johnathan Joseph,2969,CB,7,TEN,219,2,0.9,0,0,0,0,0.0,0,0.0,0,0,0,0,,2,100.0,0,0,0,0,0.0
Jason McCourty,5127,CB,7,NE,155,3,1.9,0,0,0,0,0.0,1,33.3,0,0,0,0,0.0,2,66.7,0,0,0,0,0.0
Devin McCourty,5552,S,7,NE,216,6,2.8,0,0,0,0,0.0,3,50.0,0,0,0,0,0.0,3,50.0,0,0,0,0,0.0
Andrew Sendejo,6118,S,8,CLV,330,3,0.9,0,0,0,0,0.0,1,33.3,0,0,0,0,0.0,2,66.7,0,0,0,0,0.0
Patrick Peterson,6157,CB,7,ARZ,306,3,1.0,0,0,0,0,0.0,2,66.7,0,0,0,0,0.0,1,33.3,0,0,0,0,0.0
Buster Skrine,6289,CB,8,CHI,250,7,2.8,0,0,0,0,0.0,5,71.4,0,0,0,0,0.0,2,28.6,0,0,0,0,0.0
Craig Robertson,7003,LB,1,NO,6,1,16.7,0,0,0,0,0.0,0,0.0,0,0,0,0,,1,100.0,0,0,0,0,0.0
Nate Ebner,7193,S,4,NYG,23,2,8.7,0,0,0,0,0.0,0,0.0,0,0,0,0,,2,100.0,0,0,0,0,0.0
Tashaun Gipson Sr.,7288,S,8,CHI,322,5,1.6,0,0,0,0,0.0,3,60.0,0,0,0,0,0.0,2,40.0,0,0,0,0,0.0
D.J. Hayden,7793,CB,4,JAX,105,4,3.8,0,0,0,0,0.0,2,50.0,0,0,0,0,0.0,2,50.0,0,0,0,0,0.0
Xavier Rhodes,7806,CB,7,IND,225,2,0.9,0,0,0,0,0.0,1,50.0,0,0,0,0,0.0,1,50.0,0,0,0,0,0.0
Sylvester Williams,7809,DI,2,DEN,14,14,100.0,0,0,0,0,0.0,3,23.1,0,0,0,0,0.0,10,76.9,0,0,0,0,0.0
Alec Ogletree,7811,LB,2,NYJ,31,4,12.9,0,0,0,0,0.0,2,50.0,0,0,0,0,0.0,2,50.0,0,0,0,0,0.0
D.J. Swearinger Sr.,7838,S,2,NO,43,2,4.7,0,0,0,0,0.0,2,100.0,0,0,0,0,0.0,0,0.0,0,0,0,0,
Blidi Wreh-Wilson,7851,CB,5,ATL,97,2,2.1,0,0,0,0,0.0,1,50.0,0,0,0,0,0.0,1,50.0,0,0,0,0,0.0
Shawn Williams,7865,S,5,CIN,49,7,14.3,0,0,0,0,0.0,4,57.1,0,0,0,0,0.0,3,42.9,0,0,0,0,0.0
Micah Hyde,7941,S,7,BUF,260,11,4.2,0,0,0,0,0.0,6,54.5,0,0,0,0,0.0,5,45.5,0,0,0,0,0.0
Nick Williams,8006,DI,6,DET,108,108,100.0,0,0,0,0,0.0,89,98.9,0,0,0,0,0.0,1,1.1,0,0,0,0,0.0
Abry Jones,8177,DI,5,JAX,73,73,100.0,0,0,0,0,0.0,33,45.2,0,0,0,0,0.0,40,54.8,0,0,0,0,0.0
Will Compton,8308,LB,4,TEN,19,2,10.5,0,0,0,0,0.0,0,0.0,0,0,0,0,,2,100.0,0,0,0,0,0.0
Jeff Heath,8396,S,5,LV,77,4,5.2,0,0,0,0,0.0,4,100.0,0,0,0,0,0.0,0,0.0,0,0,0,0,
Nickell Robey-Coleman,8483,CB,8,PHI,209,3,1.4,0,0,0,0,0.0,2,66.7,0,0,0,0,0.0,1,33.3,0,0,0,0,0.0
LaRoy Reynolds,8500,LB,4,ATL,18,2,11.1,0,0,0,0,0.0,0,0.0,0,0,0,0,,1,100.0,0,0,0,0,0.0
Kyle Fuller,8649,CB,8,CHI,321,1,0.3,0,0,0,0,0.0,1,100.0,0,0,0,0,0.0,0,0.0,0,0,0,0,
Darqueze Dennard,8659,CB,3,ATL,130,3,2.3,0,0,0,0,0.0,1,33.3,0,0,0,0,0.0,2,66.7,0,0,0,0,0.0
Bradley Roby,8666,CB,6,HST,227,1,0.4,0,0,0,0,0.0,0,0.0,0,0,0,0,,1,100.0,0,0,0,0,0.0
Lamarcus Joyner,8676,CB,7,LV,222,10,4.5,0,0,0,0,0.0,4,40.0,0,0,0,0,0.0,6,60.0,0,0,0,0,0.0
Christian Kirksey,8706,LB,3,GB,74,2,2.7,0,0,0,0,0.0,0,0.0,0,0,0,0,,2,100.0,0,0,0,0,0.0
Bashaud Breeland,8737,CB,4,KC,126,1,0.8,0,0,0,0,0.0,0,0.0,0,0,0,0,,1,100.0,0,0,0,0,0.0
Pierre Desir,8762,CB,8,NYJ,257,1,0.4,0,0,0,0,0.0,1,100.0,0,0,0,0,0.0,0,0.0,0,0,0,0,
Nevin Lawson,8768,CB,6,LV,176,1,0.6,0,0,0,0,0.0,1,100.0,0,0,0,0,0.0,0,0.0,0,0,0,0,
Ricardo Allen,8782,S,6,ATL,168,2,1.2,0,0,0,0,0.0,1,50.0,0,0,0,0,0.0,1,50.0,0,0,0,0,0.0
Avery Williamson,8786,LB,7,NYJ,200,25,12.5,0,0,0,0,0.0,13,52.0,0,0,0,0,0.0,12,48.0,0,0,0,0,0.0
Adarius Taylor,9074,LB,6,CAR,30,1,3.3,0,0,0,0,0.0,0,0.0,0,0,0,0,,1,100.0,0,0,0,0,0.0
Keith Smith,9302,FB,1,ATL,1,1,100.0,0,0,0,0,0.0,0,,0,0,0,0,,0,,0,0,0,0,
Damarious Randall,9463,S,4,SEA,14,1,7.1,0,0,0,0,0.0,1,100.0,0,0,0,0,0.0,0,0.0,0,0,0,0,
Jaquiski Tartt,9479,S,6,SF,190,3,1.6,0,0,0,0,0.0,2,66.7,0,0,0,0,0.0,1,33.3,0,0,0,0,0.0
P.J. Williams,9511,S,6,NO,107,1,0.9,0,0,0,0,0.0,0,0.0,0,0,0,0,,1,100.0,0,0,0,0,0.0
David Mayo,9602,LB,2,NYG,14,1,7.1,0,0,0,0,0.0,0,,0,0,0,0,,0,,0,0,0,0,
Quandre Diggs,9633,S,7,SEA,308,2,0.6,0,0,0,0,0.0,2,100.0,0,0,0,0,0.0,0,0.0,0,0,0,0,
Justin Coleman,9892,CB,2,DET,33,1,3.0,0,0,0,0,0.0,1,100.0,0,0,0,0,0.0,0,0.0,0,0,0,0,
Deshazor Everett,9940,S,5,WAS,60,1,1.7,0,0,0,0,0.0,0,,0,0,0,0,,0,,0,0,0,0,
Quinton Dunbar,10073,CB,5,SEA,210,4,1.9,0,0,0,0,0.0,1,25.0,0,0,0,0,0.0,3,75.0,0,0,0,0,0.0
Curtis Riley,10109,S,2,MIN,39,5,12.8,0,0,0,0,0.0,5,100.0,0,0,0,0,0.0,0,0.0,0,0,0,0,
Erik Harris,10346,S,7,LV,235,6,2.6,0,0,0,0,0.0,1,16.7,0,0,0,0,0.0,5,83.3,0,0,0,0,0.0
William Jackson III,10658,CB,7,CIN,274,2,0.7,0,0,0,0,0.0,0,0.0,0,0,0,0,,2,100.0,0,0,0,0,0.0
Sean Davis,10692,ED,2,PIT,2,2,100.0,0,0,0,0,0.0,0,0.0,0,0,0,0,,1,100.0,0,0,0,0,0.0
James Bradberry,10696,CB,7,NYG,271,2,0.7,0,0,0,0,0.0,0,0.0,0,0,0,0,,2,100.0,0,0,0,0,0.0
Daryl Worley,10711,CB,6,DAL,152,2,1.3,0,0,0,0,0.0,0,0.0,0,0,0,0,,2,100.0,0,0,0,0,0.0
Nick Vigil,10721,LB,3,LAC,40,3,7.5,0,0,0,0,0.0,3,100.0,0,0,0,0,0.0,0,0.0,0,0,0,0,
Tavon Young,10738,CB,2,BLT,26,4,15.4,0,0,0,0,0.0,2,50.0,0,0,0,0,0.0,2,50.0,0,0,0,0,0.0
Nick Kwiatkoski,10747,LB,5,LV,127,4,3.1,0,0,0,0,0.0,0,0.0,0,0,0,0,,4,100.0,0,0,0,0,0.0
LeShaun Sims,10791,CB,6,CIN,170,1,0.6,0,0,0,0,0.0,0,0.0,0,0,0,0,,1,100.0,0,0,0,0,0.0
Kavon Frazier,10846,S,2,MIA,12,1,8.3,0,0,0,0,0.0,1,100.0,0,0,0,0,0.0,0,0.0,0,0,0,0,
Will Parks,10853,S,3,PHI,50,2,4.0,0,0,0,0,0.0,1,50.0,0,0,0,0,0.0,1,50.0,0,0,0,0,0.0
Tyler Matakevich,10880,LB,3,BUF,3,2,66.7,0,0,0,0,0.0,1,50.0,0,0,0,0,0.0,1,50.0,0,0,0,0,0.0
Jarrod Wilson,10902,S,3,JAX,100,3,3.0,0,0,0,0,0.0,1,33.3,0,0,0,0,0.0,2,66.7,0,0,0,0,0.0
Trevon Coley,11093,DI,2,ARZ,34,33,97.1,0,0,0,0,0.0,15,45.5,0,0,0,0,0.0,18,54.5,0,0,0,0,0.0
Charles Washington,11137,S,2,ARZ,17,1,5.9,0,0,0,0,0.0,0,0.0,0,0,0,0,,1,100.0,0,0,0,0,0.0
Woodrow Hamilton,11215,DI,3,CAR,16,16,100.0,0,0,0,0,0.0,9,56.3,0,0,0,0,0.0,7,43.8,0,0,0,0,0.0
Brandin Bryant,11280,DI,1,BUF,3,3,100.0,0,0,0,0,0.0,0,0.0,0,0,0,0,,3,100.0,0,0,0,0,0.0
Kevin Peterson,11302,CB,3,ARZ,19,1,5.3,0,0,0,0,0.0,1,100.0,0,0,0,0,0.0,0,0.0,0,0,0,0,
Solomon Thomas,11758,DI,2,SF,30,30,100.0,0,0,0,0,0.0,14,46.7,0,0,0,0,0.0,16,53.3,0,0,0,0,0.0
Marshon Lattimore,11766,CB,6,NO,230,1,0.4,0,0,0,0,0.0,0,0.0,0,0,0,0,,1,100.0,0,0,0,0,0.0
Marcus Williams,11797,S,7,NO,268,1,0.4,0,0,0,0,0.0,1,100.0,0,0,0,0,0.0,0,0.0,0,0,0,0,
Sidney Jones,11798,CB,4,JAX,75,1,1.3,0,0,0,0,0.0,0,0.0,0,0,0,0,,1,100.0,0,0,0,0,0.0
Josh Jones,11816,S,7,JAX,236,12,5.1,0,0,0,0,0.0,4,33.3,0,0,0,0,0.0,8,66.7,0,0,0,0,0.0
Duke Riley,11830,LB,7,PHI,136,17,12.5,0,0,0,0,0.0,11,64.7,0,0,0,0,0.0,6,35.3,0,0,0,0,0.0
Shaquill Griffin,11845,CB,6,SEA,281,2,0.7,0,0,0,0,0.0,2,100.0,0,0,0,0,0.0,0,0.0,0,0,0,0,
Jourdan Lewis,11846,CB,7,DAL,209,4,1.9,0,0,0,0,0.0,3,75.0,0,0,0,0,0.0,1,25.0,0,0,0,0,0.0
John Johnson III,11847,S,8,LA,313,2,0.6,0,0,0,0,0.0,1,50.0,0,0,0,0,0.0,1,50.0,0,0,0,0,0.0
Delano Hill,11849,S,2,SEA,67,1,1.5,0,0,0,0,0.0,0,0.0,0,0,0,0,,1,100.0,0,0,0,0,0.0
Cameron Sutton,11850,S,7,PIT,132,5,3.8,0,0,0,0,0.0,4,80.0,0,0,0,0,0.0,1,20.0,0,0,0,0,0.0
Eddie Jackson,11867,S,8,CHI,321,6,1.9,0,0,0,0,0.0,1,16.7,0,0,0,0,0.0,5,83.3,0,0,0,0,0.0
Rayshawn Jenkins,11868,S,7,LAC,273,3,1.1,0,0,0,0,0.0,0,0.0,0,0,0,0,,3,100.0,0,0,0,0,0.0
Damontae Kazee,11904,S,4,ATL,149,3,2.0,0,0,0,0,0.0,2,66.7,0,0,0,0,0.0,1,33.3,0,0,0,0,0.0
Corn Elder,11907,CB,8,CAR,167,6,3.6,0,0,0,0,0.0,3,50.0,0,0,0,0,0.0,3,50.0,0,0,0,0,0.0
Brandon Wilson,11962,S,5,CIN,12,2,16.7,0,0,0,0,0.0,2,100.0,0,0,0,0,0.0,0,0.0,0,0,0,0,
Patrick O'Connor,12005,ED,3,TB,5,5,100.0,0,0,0,0,0.0,2,40.0,0,0,0,0,0.0,3,60.0,0,0,0,0,0.0
Bryan Cox Jr.,12092,ED,1,BUF,11,11,100.0,0,0,0,0,0.0,7,63.6,0,0,0,0,0.0,4,36.4,0,0,0,0,0.0
Devaroe Lawrence,12222,DI,1,WAS,1,1,100.0,0,0,0,0,0.0,1,100.0,0,0,0,0,0.0,0,0.0,0,0,0,0,
Calvin Munson,12236,LB,1,MIA,4,1,25.0,0,0,0,0,0.0,1,100.0,0,0,0,0,0.0,0,0.0,0,0,0,0,
Jamal Perry,12259,CB,6,MIA,78,2,2.6,0,0,0,0,0.0,2,100.0,0,0,0,0,0.0,0,0.0,0,0,0,0,
Joe Jones,12321,LB,1,DEN,1,1,100.0,0,0,0,0,0.0,1,100.0,0,0,0,0,0.0,0,0.0,0,0,0,0,
Jabari Zuniga,26449,ED,1,NYJ,6,6,100.0,0,0,0,0,0.0,3,50.0,0,0,0,0,0.0,3,50.0,0,0,0,0,0.0
Reggie Walker,26885,ED,1,ARZ,11,11,100.0,0,0,0,0,0.0,3,27.3,0,0,0,0,0.0,8,72.7,0,0,0,0,0.0
Raequan Williams,27300,DI,1,PHI,9,9,100.0,0,0,0,0,0.0,1,11.1,0,0,0,0,0.0,8,88.9,0,0,0,0,0.0
Rashod Berry,28071,ED,1,NE,3,3,100.0,0,0,0,0,0.0,1,33.3,0,0,0,0,0.0,2,66.7,0,0,0,0,0.0
Malik Harrison,28081,LB,7,BLT,42,3,7.1,0,0,0,0,0.0,0,0.0,0,0,0,0,,3,100.0,0,0,0,0,0.0
Jermaine Carter,28838,LB,2,CAR,6,1,16.7,0,0,0,0,0.0,0,0.0,0,0,0,0,,1,100.0,0,0,0,0,0.0
David Long,29367,LB,3,TEN,11,1,9.1,0,0,0,0,0.0,0,0.0,0,0,0,0,,1,100.0,0,0,0,0,0.0
Ty Summers,30242,LB,4,GB,87,1,1.1,0,0,0,0,0.0,0,,0,0,0,0,,0,,0,0,0,0,
Derick Roberson,30462,ED,1,TEN,4,3,75.0,0,0,0,0,0.0,2,66.7,0,0,0,0,0.0,1,33.3,0,0,0,0,0.0
Khalen Saunders,31534,DI,2,KC,15,15,100.0,0,0,0,0,0.0,11,73.3,0,0,0,0,0.0,4,26.7,0,0,0,0,0.0
Nasir Adderley,33880,S,7,LAC,281,2,0.7,0,0,0,0,0.0,1,50.0,0,0,0,0,0.0,1,50.0,0,0,0,0,0.0
Mike Hughes,34057,CB,4,MIN,105,1,1.0,0,0,0,0,0.0,1,100.0,0,0,0,0,0.0,0,0.0,0,0,0,0,
Darnell Savage,34247,S,6,GB,177,5,2.8,0,0,0,0,0.0,2,40.0,0,0,0,0,0.0,3,60.0,0,0,0,0,0.0
Thomas Davis Sr.,2231,LB,3,WAS,19,1,5.3,0,0,0,0,0.0,0,0.0,0,0,0,0,,1,100.0,0,0,0,0,0.0
Trevis Gipson,35241,ED,1,CHI,7,7,100.0,0,0,0,0,0.0,3,42.9,0,0,0,0,0.0,4,57.1,0,0,0,0,0.0
Tyshun Render,35744,ED,1,MIA,6,6,100.0,0,0,0,0,0.0,4,66.7,0,0,0,0,0.0,2,33.3,0,0,0,0,0.0
Derrek Tuszka,37724,ED,2,DEN,6,5,83.3,0,0,0,0,0.0,5,100.0,0,0,0,0,0.0,0,0.0,0,0,0,0,
Casey Toohill,38472,ED,1,WAS,9,9,100.0,0,0,0,0,0.0,8,88.9,0,0,0,0,0.0,1,11.1,0,0,0,0,0.0
Cortez Broughton,38524,DI,2,LAC,17,17,100.0,0,0,0,0,0.0,9,52.9,0,0,0,0,0.0,8,47.1,0,0,0,0,0.0
Austin Larkin,38754,ED,3,CAR,9,8,88.9,0,0,0,0,0.0,5,62.5,0,0,0,0,0.0,3,37.5,0,0,0,0,0.0
Randy Ramsey,39094,ED,2,GB,10,9,90.0,0,0,0,0,0.0,6,66.7,0,0,0,0,0.0,3,33.3,0,0,0,0,0.0
D'Andre Walker,39140,ED,1,SEA,1,1,100.0,0,0,0,0,0.0,0,0.0,0,0,0,0,,1,100.0,0,0,0,0,0.0
L'Jarius Sneed,40588,CB,3,KC,85,1,1.2,0,0,0,0,0.0,0,0.0,0,0,0,0,,1,100.0,0,0,0,0,0.0
Isaiah Simmons,42451,LB,7,ARZ,48,6,12.5,0,0,0,0,0.0,5,83.3,0,0,0,0,0.0,1,16.7,0,0,0,0,0.0
Daniel Thomas,42544,S,2,JAX,22,2,9.1,0,0,0,0,0.0,1,50.0,0,0,0,0,0.0,1,50.0,0,0,0,0,0.0
Vernon Scott,43076,S,5,GB,30,1,3.3,0,0,0,0,0.0,1,100.0,0,0,0,0,0.0,0,0.0,0,0,0,0,
Mack Wilson,43190,LB,6,CLV,76,4,5.3,0,0,0,0,0.0,1,25.0,0,0,0,0,0.0,3,75.0,0,0,0,0,0.0
Carter Coughlin,43498,ED,1,NYG,2,2,100.0,0,0,0,0,0.0,0,0.0,0,0,0,0,,2,100.0,0,0,0,0,0.0
Benito Jones,44035,DI,2,MIA,15,14,93.3,0,0,0,0,0.0,3,42.9,0,0,0,0,0.0,4,57.1,0,0,0,0,0.0
Essang Bassey,45258,CB,5,DEN,122,6,4.9,0,0,0,0,0.0,5,83.3,0,0,0,0,0.0,1,16.7,0,0,0,0,0.0
Isaiah Johnson,48233,CB,4,LV,14,1,7.1,0,0,0,0,0.0,1,100.0,0,0,0,0,0.0,0,0.0,0,0,0,0,
Freedom Akinmoladun,48374,DI,2,CIN,12,12,100.0,0,0,0,0,0.0,9,75.0,0,0,0,0,0.0,3,25.0,0,0,0,0,0.0
James Smith-Williams,48455,ED,3,WAS,8,7,87.5,0,0,0,0,0.0,1,16.7,0,0,0,0,0.0,5,83.3,0,0,0,0,0.0
Braxton Hoyett,48665,DI,1,KC,1,1,100.0,0,0,0,0,0.0,1,100.0,0,0,0,0,0.0,0,0.0,0,0,0,0,
Marlon Davidson,48741,DI,3,ATL,40,39,97.5,0,0,0,0,0.0,21,55.3,0,0,0,0,0.0,17,44.7,0,0,0,0,0.0
Kevin Strong Jr.,48981,DI,1,DET,2,2,100.0,0,0,0,0,0.0,0,0.0,0,0,0,0,,2,100.0,0,0,0,0,0.0
Justin Reid,49048,S,7,HST,263,10,3.8,0,0,0,0,0.0,6,60.0,0,0,0,0,0.0,4,40.0,0,0,0,0,0.0
Tre Flowers,49059,CB,7,SEA,210,3,1.4,0,0,0,0,0.0,0,0.0,0,0,0,0,,3,100.0,0,0,0,0,0.0
Myles Hartsfield,49159,S,1,CAR,8,1,12.5,0,0,0,0,0.0,0,0.0,0,0,0,0,,1,100.0,0,0,0,0,0.0
Jessie Bates III,49162,S,8,CIN,302,2,0.7,0,0,0,0,0.0,1,100.0,0,0,0,0,0.0,0,0.0,0,0,0,0,
Tarvarius Moore,49178,S,4,SF,47,2,4.3,0,0,0,0,0.0,0,0.0,0,0,0,0,,2,100.0,0,0,0,0,0.0
Demetrius Flannigan-Fowles,49231,LB,2,SF,16,1,6.3,0,0,0,0,0.0,1,100.0,0,0,0,0,0.0,0,0.0,0,0,0,0,
Troy Apke,49260,S,6,WAS,172,2,1.2,0,0,0,0,0.0,1,50.0,0,0,0,0,0.0,1,50.0,0,0,0,0,0.0
Marcus Allen,49263,S,1,PIT,9,1,11.1,0,0,0,0,0.0,1,100.0,0,0,0,0,0.0,0,0.0,0,0,0,0,
Andrew Wingard,49268,S,4,JAX,92,1,1.1,0,0,0,0,0.0,0,0.0,0,0,0,0,,1,100.0,0,0,0,0,0.0
Jamal Carter,49282,S,1,ATL,17,3,17.6,0,0,0,0,0.0,1,33.3,0,0,0,0,0.0,2,66.7,0,0,0,0,0.0
Carlton Davis,49335,CB,7,TB,278,2,0.7,0,0,0,0,0.0,2,100.0,0,0,0,0,0.0,0,0.0,0,0,0,0,
Ugo Amadi,49352,CB,5,SEA,176,8,4.5,0,0,0,0,0.0,3,37.5,0,0,0,0,0.0,5,62.5,0,0,0,0,0.0
John Reid,49381,CB,2,HST,25,2,8.0,0,0,0,0,0.0,1,50.0,0,0,0,0,0.0,1,50.0,0,0,0,0,0.0
Cameron Lewis,49395,CB,2,BUF,36,1,2.8,0,0,0,0,0.0,0,0.0,0,0,0,0,,1,100.0,0,0,0,0,0.0
Donovan Wilson,49408,S,5,DAL,119,1,0.8,0,0,0,0,0.0,0,0.0,0,0,0,0,,1,100.0,0,0,0,0,0.0
Julian Blackmon,49434,S,6,IND,210,1,0.5,0,0,0,0,0.0,0,0.0,0,0,0,0,,1,100.0,0,0,0,0,0.0
Ashtyn Davis,49560,S,4,NYJ,78,4,5.1,0,0,0,0,0.0,2,50.0,0,0,0,0,0.0,2,50.0,0,0,0,0,0.0
Matt Dickerson,49601,DI,3,TEN,26,26,100.0,0,0,0,0,0.0,12,46.2,0,0,0,0,0.0,14,53.8,0,0,0,0,0.0
Shaun Dion Hamilton,49706,LB,6,WAS,20,2,10.0,0,0,0,0,0.0,1,100.0,0,0,0,0,0.0,0,0.0,0,0,0,0,
Zaire Franklin,49834,LB,3,IND,16,1,6.3,0,0,0,0,0.0,1,100.0,0,0,0,0,0.0,0,0.0,0,0,0,0,
Oren Burks,50203,LB,6,GB,27,7,25.9,0,0,0,0,0.0,4,57.1,0,0,0,0,0.0,3,42.9,0,0,0,0,0.0
Tipa Galeai,50275,ED,1,GB,5,4,80.0,0,0,0,0,0.0,3,75.0,0,0,0,0,0.0,1,25.0,0,0,0,0,0.0
Michael Ojemudia,50327,CB,7,DEN,275,2,0.7,0,0,0,0,0.0,0,0.0,0,0,0,0,,2,100.0,0,0,0,0,0.0
Anthony Averett,50365,CB,6,BLT,106,1,0.9,0,0,0,0,0.0,0,0.0,0,0,0,0,,1,100.0,0,0,0,0,0.0
Tre Herndon,50380,CB,7,JAX,239,10,4.2,0,0,0,0,0.0,5,50.0,0,0,0,0,0.0,5,50.0,0,0,0,0,0.0
Kareem Orr,50513,CB,2,TEN,29,4,13.8,0,0,0,0,0.0,3,75.0,0,0,0,0,0.0,1,25.0,0,0,0,0,0.0
Amani Oruwariye,50533,CB,7,DET,256,1,0.4,0,0,0,0,0.0,0,0.0,0,0,0,0,,1,100.0,0,0,0,0,0.0
Hardy Nickerson,50712,LB,2,MIN,16,5,31.3,0,0,0,0,0.0,2,40.0,0,0,0,0,0.0,3,60.0,0,0,0,0,0.0
Ulysees Gilbert III,50810,LB,1,PIT,13,2,15.4,0,0,0,0,0.0,0,0.0,0,0,0,0,,1,100.0,0,0,0,0,0.0
Jordyn Brooks,50851,LB,5,SEA,55,13,23.6,0,0,0,0,0.0,2,16.7,0,0,0,0,0.0,10,83.3,0,0,0,0,0.0
Tremaine Edmunds,50905,LB,7,BUF,227,20,8.8,0,0,0,0,0.0,6,40.0,0,0,0,0,0.0,9,60.0,0,0,0,0,0.0
Robert Spillane,50918,LB,4,PIT,71,7,9.9,0,0,0,0,0.0,3,50.0,0,0,0,0,0.0,3,50.0,0,0,0,0,0.0
Tyrel Dodson,51045,LB,4,BUF,106,16,15.1,0,0,0,0,0.0,7,46.7,0,0,0,0,0.0,8,53.3,0,0,0,0,0.0
Julian Love,51081,S,6,NYG,200,1,0.5,0,0,0,0,0.0,0,0.0,0,0,0,0,,1,100.0,0,0,0,0,0.0
P.J. Locke,51189,CB,1,DEN,2,1,50.0,0,0,0,0,0.0,1,100.0,0,0,0,0,0.0,0,0.0,0,0,0,0,
Minkah Fitzpatrick,51206,S,7,PIT,272,3,1.1,0,0,0,0,0.0,2,66.7,0,0,0,0,0.0,1,33.3,0,0,0,0,0.0
Amani Hooker,51378,S,7,TEN,104,4,3.8,0,0,0,0,0.0,2,50.0,0,0,0,0,0.0,2,50.0,0,0,0,0,0.0
Marcus Epps,51391,S,6,PHI,101,2,2.0,0,0,0,0,0.0,2,100.0,0,0,0,0,0.0,0,0.0,0,0,0,0,
Marcell Harris,51408,S,5,SF,105,7,6.7,0,0,0,0,0.0,4,57.1,0,0,0,0,0.0,3,42.9,0,0,0,0,0.0
Jaylinn Hawkins,51423,S,3,ATL,32,2,6.3,0,0,0,0,0.0,1,50.0,0,0,0,0,0.0,1,50.0,0,0,0,0,0.0
Duke Dawson Jr.,51576,S,6,DEN,32,1,3.1,0,0,0,0,0.0,1,100.0,0,0,0,0,0.0,0,0.0,0,0,0,0,
Daniel Ross,51592,DI,1,LV,7,7,100.0,0,0,0,0,0.0,0,0.0,0,0,0,0,,7,100.0,0,0,0,0,0.0
Amik Robertson,55619,CB,3,LV,18,1,5.6,0,0,0,0,0.0,0,0.0,0,0,0,0,,1,100.0,0,0,0,0,0.0
Jeffrey Okudah,55674,CB,6,DET,206,1,0.5,0,0,0,0,0.0,0,0.0,0,0,0,0,,1,100.0,0,0,0,0,0.0
Darious Williams,55724,CB,8,LA,286,2,0.7,0,0,0,0,0.0,1,50.0,0,0,0,0,0.0,1,50.0,0,0,0,0,0.0
Kamren Curl,55800,S,7,WAS,95,8,8.4,0,0,0,0,0.0,4,50.0,0,0,0,0,0.0,4,50.0,0,0,0,0,0.0
Jaylon Johnson,56259,CB,8,CHI,321,1,0.3,0,0,0,0,0.0,0,0.0,0,0,0,0,,1,100.0,0,0,0,0,0.0
Marquise Blair,56263,CB,2,SEA,47,3,6.4,0,0,0,0,0.0,2,66.7,0,0,0,0,0.0,1,33.3,0,0,0,0,0.0
Larrell Murchison,57004,DI,6,TEN,48,48,100.0,0,0,0,0,0.0,22,46.8,0,0,0,0,0.0,25,53.2,0,0,0,0,0.0
John Penisini,57037,DI,7,DET,68,68,100.0,0,0,0,0,0.0,7,17.9,0,0,0,0,0.0,32,82.1,0,0,0,0,0.0
Jacob Phillips,57942,LB,3,CLV,23,2,8.7,0,0,0,0,0.0,1,50.0,0,0,0,0,0.0,1,50.0,0,0,0,0,0.0
Jessie Lemonier,82302,ED,2,LAC,5,5,100.0,0,0,0,0,0.0,1,20.0,0,0,0,0,0.0,4,80.0,0,0,0,0,0.0
Corey Ballentine,83833,CB,3,NYG,61,2,3.3,0,0,0,0,0.0,1,50.0,0,0,0,0,0.0,1,50.0,0,0,0,0,0.0
