player,player_id,position,player_game_count,team_name,run_snaps,tackles,assists,misses,stops,stop_percent
Marquise Copeland,38540,DI,1,LA,1,1,0,0,1,100.0
Joe Walker,10885,LB,1,SF,2,2,0,0,2,100.0
Andrew Adams,11240,S,1,TB,1,1,0,0,1,100.0
Michael Thomas,7279,S,3,HST,5,3,1,0,2,40.0
Brandin Bryant,11280,DI,1,BUF,3,1,0,0,1,33.3
Kyle Wilber,7113,LB,3,LV,3,1,0,0,1,33.3
Nick Dzubnar,10127,LB,2,TEN,3,1,0,0,1,33.3
Datone Jones,7807,DI,1,LV,4,1,0,0,1,25.0
Joe Jackson,44615,ED,3,CLV,13,3,1,1,3,23.1
Tanner Vallejo,11950,LB,3,ARZ,9,3,1,0,2,22.2
Nick Bosa,42741,ED,2,SF,23,5,1,0,5,21.7
D.J. Swearinger Sr.,7838,S,2,NO,5,1,0,0,1,20.0
Armani Watts,51264,S,2,KC,5,2,0,0,1,20.0
Freedom Akinmoladun,48374,DI,1,CIN,10,2,0,0,2,20.0
Anthony Nelson,48405,ED,7,TB,32,8,0,0,6,18.8
James Smith-Williams,48455,ED,4,WAS,16,3,0,0,3,18.8
Jamal Carter,49282,S,1,ATL,12,2,0,0,2,16.7
Austin Larkin,38754,ED,3,CAR,12,2,0,0,2,16.7
Calais Campbell,4364,DI,7,BLT,78,13,3,2,13,16.7
Jeremiah Ledbetter,11960,DI,1,TB,6,1,1,0,1,16.7
Tavon Wilson,7051,S,2,IND,13,2,0,0,2,15.4
Ogbonnia Okoronkwo,50130,ED,5,LA,14,2,1,0,2,14.3
Andre Smith,50897,LB,1,BUF,14,2,0,0,2,14.3
David Long,29367,LB,2,TEN,7,1,1,0,1,14.3
Jalen Reeves-Maybin,11879,LB,3,DET,7,1,0,0,1,14.3
Jacob Phillips,57942,LB,3,CLV,14,2,0,0,2,14.3
Cameron Lewis,49395,CB,2,BUF,35,5,1,1,5,14.3
Brandon Facyson,50564,CB,2,LAC,7,1,0,0,1,14.3
Alex Highsmith,43507,ED,7,PIT,36,7,2,0,5,13.9
Mike Hilton,10898,CB,5,PIT,44,6,0,4,6,13.6
Frankie Luvu,51028,LB,5,NYJ,22,3,0,1,3,13.6
Shaun Bradley,42632,LB,6,PHI,30,4,0,0,4,13.3
M.J. Stewart,49397,CB,3,CLV,15,3,0,0,2,13.3
Will Parks,10853,S,3,PHI,30,5,0,0,4,13.3
Shy Tuttle,37279,DI,4,NO,38,5,1,2,5,13.2
Demarcus Lawrence,8669,ED,8,DAL,130,21,2,4,17,13.1
Brandon Williams,7875,DI,6,BLT,86,13,5,2,11,12.8
Sebastian Joseph-Day,49935,DI,8,LA,109,20,6,2,14,12.8
Khalen Saunders,31534,DI,2,KC,8,1,0,0,1,12.5
Foyesade Oluokun,24904,LB,7,ATL,120,21,6,4,15,12.5
Hercules Mata'afa,48931,ED,4,MIN,8,3,1,0,1,12.5
Emeke Egbule,45378,ED,1,LAC,8,1,0,0,1,12.5
Eli Apple,10644,CB,1,CAR,8,1,0,0,1,12.5
Marcus Davenport,50291,ED,3,NO,24,3,1,1,3,12.5
Grover Stewart,11899,DI,7,IND,116,18,4,0,14,12.1
Stephon Tuitt,8681,DI,7,PIT,132,17,3,2,16,12.1
Alex Okafor,7885,ED,4,KC,25,3,2,0,3,12.0
John Jenkins,7863,DI,5,CHI,51,6,2,1,6,11.8
Lavonte David,7060,LB,7,TB,144,21,8,3,17,11.8
Andrew Van Ginkel,30267,ED,7,MIA,51,9,1,2,6,11.8
Myles Jack,10670,LB,5,JAX,127,20,7,2,15,11.8
Hassan Ridgeway,10750,DI,7,PHI,68,9,1,0,8,11.8
Zach Sieler,66917,DI,7,MIA,77,10,3,2,9,11.7
Steve McLendon,5232,DI,7,TB,111,15,5,1,13,11.7
Micah Kiser,50879,LB,7,LA,163,26,10,2,19,11.7
Montravius Adams,11848,DI,6,GB,44,6,3,0,5,11.4
Quinnen Williams,44216,DI,8,NYJ,123,17,7,1,14,11.4
Darius Leonard,49684,LB,5,IND,80,14,3,2,9,11.3
Brandon Carr,4454,S,2,DAL,9,1,0,0,1,11.1
Isaac Rochell,11980,ED,7,LAC,54,9,2,0,6,11.1
Zack Baun,34632,LB,3,NO,18,2,0,0,2,11.1
Blake Martinez,10765,LB,7,NYG,189,30,10,3,21,11.1
Sheldon Day,10737,DI,2,IND,9,1,0,0,1,11.1
Billy Winn,7190,DI,3,GB,9,1,1,0,1,11.1
Linval Joseph,5571,DI,7,LAC,118,17,2,2,13,11.0
Cameron Jordan,6176,ED,7,NO,138,19,8,1,15,10.9
Benardrick McKinney,9476,LB,4,HST,139,24,8,6,15,10.8
Christian Wilkins,50293,DI,7,MIA,120,17,2,0,13,10.8
Porter Gustin,50290,ED,8,CLV,93,14,3,0,10,10.8
Malcom Brown,9465,DI,7,NO,83,11,4,0,9,10.8
Alexander Johnson,15267,LB,7,DEN,178,26,8,3,19,10.7
Tim Settle,48966,DI,7,WAS,75,10,1,1,8,10.7
Matt Ioannidis,10786,DI,3,WAS,28,5,0,0,3,10.7
Avery Williamson,8786,LB,7,NYJ,140,26,6,1,15,10.7
Jamar Taylor,7835,CB,4,SF,28,6,0,0,3,10.7
P.J. Hall,31211,DI,7,HST,141,18,6,3,15,10.6
Woodrow Hamilton,11215,DI,3,CAR,19,2,0,1,2,10.5
Brandon Watson,51088,S,4,JAX,67,9,0,0,7,10.4
Tyrell Adams,10140,LB,5,HST,77,9,7,0,8,10.4
Devin White,43089,LB,7,TB,144,21,6,3,15,10.4
Krys Barnes,42548,LB,7,GB,115,19,6,2,12,10.4
Dalvin Tomlinson,11810,DI,7,NYG,156,21,6,1,16,10.3
Allen Bailey,6238,DI,8,ATL,58,6,1,0,6,10.3
Denzel Perryman,9481,LB,7,LAC,58,8,3,0,6,10.3
Isaiah Buggs,56503,DI,5,PIT,39,4,2,0,4,10.3
Henry Anderson,9526,DI,8,NYJ,88,12,4,0,9,10.2
Michael Brockers,7020,DI,8,LA,127,16,4,0,13,10.2
Vince Williams,7988,LB,7,PIT,148,19,4,6,15,10.1
Tershawn Wharton,40292,DI,8,KC,79,13,5,0,8,10.1
Justin Jones,48940,DI,4,LAC,40,4,0,0,4,10.0
D.J. Reader,10800,DI,5,CIN,110,12,5,6,11,10.0
Anthony Rush,56895,DI,4,SEA,30,3,1,0,3,10.0
Jaylon Ferguson,48362,ED,7,BLT,70,9,1,0,7,10.0
Kevin Strong Jr.,48981,DI,1,DET,10,2,2,0,1,10.0
Brandon Copeland,8378,LB,4,NE,30,4,4,0,3,10.0
Kenny Clark,10661,DI,4,GB,71,8,3,0,7,9.9
Vita Vea,48956,DI,5,TB,81,9,0,1,8,9.9
Anthony Walker,11916,LB,7,IND,133,19,4,3,13,9.8
Tae Crowder,35774,LB,3,NYG,51,7,4,3,5,9.8
Marcus Epps,51391,S,5,PHI,31,3,1,0,3,9.7
Jacob Tuioti-Mariner,50141,ED,7,ATL,31,4,0,0,3,9.7
Eric Kendricks,9478,LB,7,MIN,195,36,18,1,19,9.7
Trey Flowers,9534,ED,7,DET,115,14,3,1,11,9.6
Patrick Queen,57941,LB,7,BLT,126,22,5,3,12,9.5
Sione Takitaki,12666,LB,8,CLV,116,18,8,1,11,9.5
Derek Wolfe,7040,DI,5,BLT,63,6,4,0,6,9.5
Uchenna Nwosu,50084,ED,7,LAC,84,11,2,1,8,9.5
Derek Rivers,11838,ED,5,NE,21,2,0,0,2,9.5
Jordan Hicks,9517,LB,7,ARZ,170,29,9,5,16,9.4
T.J. Watt,11785,ED,7,PIT,139,13,4,0,13,9.4
Mike Pennel,9316,DI,6,KC,75,10,6,0,7,9.3
Zach Cunningham,11812,LB,7,HST,204,35,16,4,19,9.3
Alton Robinson,56857,ED,4,SEA,54,7,1,1,5,9.3
Tyson Alualu,5535,DI,7,PIT,75,9,3,0,7,9.3
Arik Armstead,9450,ED,8,SF,129,15,2,0,12,9.3
Joey Bosa,10637,ED,7,LAC,97,11,1,2,9,9.3
Fred Warner,51222,LB,8,SF,183,26,13,4,17,9.3
Leighton Vander Esch,50950,LB,4,DAL,86,10,5,3,8,9.3
Shelby Harris,8869,DI,7,DEN,99,11,3,0,9,9.1
Brent Urban,8769,DI,8,CHI,66,6,5,0,6,9.1
Raven Greene,24750,S,5,GB,33,3,1,0,3,9.1
Tyus Bowser,11802,ED,7,BLT,44,4,2,0,4,9.1
Kylie Fitts,48553,ED,5,ARZ,22,2,1,0,2,9.1
Takkarist McKinley,11781,ED,4,ATL,22,2,1,0,2,9.1
Ty Summers,30242,LB,4,GB,44,9,2,1,4,9.1
Patrick O'Connor,12005,ED,3,TB,11,1,0,0,1,9.1
Justin Zimmer,10975,DI,4,BUF,44,6,5,2,4,9.1
Daniel Thomas,42544,S,2,JAX,11,4,1,0,1,9.1
Josh Sweat,50120,ED,8,PHI,111,12,4,0,10,9.0
Jonathan Allen,11772,DI,7,WAS,144,19,7,0,13,9.0
Jarran Reed,10683,DI,7,SEA,122,13,5,1,11,9.0
Chase Young,56436,ED,6,WAS,100,11,0,0,9,9.0
Adam Gotsis,10697,ED,7,JAX,111,13,2,1,10,9.0
Jeffery Simmons,43742,DI,6,TEN,135,14,6,1,12,8.9
Devin Bush,27375,LB,5,PIT,79,11,4,2,7,8.9
Kerry Hyder,9045,ED,8,SF,113,14,3,1,10,8.8
Tashawn Bower,50170,ED,2,NE,34,4,1,0,3,8.8
Elandon Roberts,10848,LB,6,MIA,102,17,7,4,9,8.8
DeForest Buckner,10641,DI,7,IND,126,13,10,3,11,8.7
Damontre Moore,7862,ED,7,SEA,23,2,1,0,2,8.7
Cameron Heyward,6183,DI,7,PIT,126,16,6,0,11,8.7
Sharrod Neasman,11050,S,5,ATL,23,2,0,0,2,8.7
Cole Holcomb,49753,LB,2,WAS,35,5,0,0,3,8.6
Johnathan Hankins,7830,DI,7,LV,116,13,2,0,10,8.6
Kamren Curl,55800,S,6,WAS,70,8,0,4,6,8.6
Danny Trevathan,7177,LB,8,CHI,174,22,5,0,15,8.6
Vernon Butler,10664,DI,6,BUF,71,6,6,0,6,8.5
Jurrell Casey,6229,DI,3,DEN,59,9,2,1,5,8.5
Oshane Ximines,48538,ED,4,NYG,47,4,1,1,4,8.5
Xavier Williams,9809,DI,4,CIN,47,6,2,0,4,8.5
Derrick Brown,43883,DI,8,CAR,141,13,3,3,12,8.5
Greg Gaines,48706,DI,8,LA,59,6,3,0,5,8.5
Budda Baker,11791,S,6,ARZ,143,24,5,4,12,8.4
Daron Payne,48698,DI,7,WAS,154,14,7,2,13,8.4
Bobby Wagner,7050,LB,7,SEA,168,26,16,1,14,8.3
Quincy Wilson,11801,CB,1,NYJ,12,1,0,1,1,8.3
Cassius Marsh,8743,ED,4,JAX,48,4,0,1,4,8.3
Dre'Mont Jones,28075,DI,4,DEN,48,6,2,0,4,8.3
Tae Davis,26296,LB,3,CLV,12,1,0,0,1,8.3
Deadrin Senat,48815,DI,4,ATL,12,3,0,2,1,8.3
Bruce Irvin,7021,ED,2,SEA,36,3,0,0,3,8.3
Brandon Dunn,9262,DI,7,HST,133,11,4,0,11,8.3
Logan Wilson,29623,LB,7,CIN,49,6,3,1,4,8.2
B.J. Hill,49894,DI,7,NYG,49,7,1,1,4,8.2
Willie Gay Jr.,57987,LB,6,KC,74,7,5,1,6,8.1
Kamal Martin,12744,LB,2,GB,37,4,1,1,3,8.1
Josh Bynes,6503,LB,8,CIN,185,26,14,6,15,8.1
Akiem Hicks,7090,DI,8,CHI,160,17,2,2,13,8.1
Alec Ogletree,7811,LB,2,NYJ,37,3,0,0,3,8.1
A.J. Epenesa,56369,ED,6,BUF,37,3,1,0,3,8.1
Dawuane Smoot,11823,ED,7,JAX,87,9,0,0,7,8.0
Jeff Heath,8396,S,6,LV,50,5,0,1,4,8.0
Kwon Alexander,9557,LB,5,SF,125,14,4,1,10,8.0
Christian Covington,9649,DI,8,CIN,138,13,5,4,11,8.0
Montez Sweat,27271,ED,7,WAS,125,15,1,1,10,8.0
Da'Shawn Hand,48386,DI,7,DET,112,12,2,0,9,8.0
Quincy Williams,49779,LB,2,JAX,38,3,2,1,3,7.9
Leonard Williams,9439,DI,7,NYG,140,14,8,0,11,7.9
Kevin Givens,28308,DI,8,SF,89,8,1,1,7,7.9
Shaquil Barrett,9000,ED,7,TB,114,10,2,2,9,7.9
Jon Bostic,7831,LB,7,WAS,189,22,5,3,15,7.9
Kingsley Keke,48718,DI,7,GB,77,6,5,2,6,7.8
Roquan Smith,50892,LB,8,CHI,206,31,8,4,16,7.8
Nicholas Morrow,51674,LB,7,LV,102,17,1,1,8,7.8
Sam Hubbard,48457,ED,5,CIN,102,12,6,2,8,7.8
Deion Jones,10686,LB,8,ATL,166,24,7,7,13,7.8
Sheldon Richardson,7794,DI,8,CLV,141,19,6,1,11,7.8
Marquise Blair,56263,CB,2,SEA,13,3,0,0,1,7.7
Olasunkanmi Adeniyi,50154,ED,4,PIT,13,1,0,1,1,7.7
Jayron Kearse,10878,S,4,DET,26,4,1,1,2,7.7
Jaleel Johnson,11864,DI,7,MIN,142,16,6,0,11,7.7
Myles Hartsfield,49159,S,1,CAR,13,1,2,0,1,7.7
Jaylon Smith,10668,LB,8,DAL,249,31,18,2,19,7.6
Malcolm Roach,50191,DI,4,NO,53,4,2,0,4,7.5
Tahir Whitehead,7135,LB,8,CAR,174,20,8,3,13,7.5
Brandon Graham,5538,ED,8,PHI,146,16,1,5,11,7.5
Malik Hooker,11770,S,2,IND,27,3,0,0,2,7.4
Samson Ebukam,11880,ED,8,LA,95,8,2,2,7,7.4
Todd Davis,9007,LB,3,MIN,27,2,0,0,2,7.4
Leki Fotu,44614,DI,5,ARZ,54,4,1,1,4,7.4
Chauncey Gardner-Johnson,49371,CB,7,NO,135,12,3,5,10,7.4
Tyquan Lewis,48475,ED,7,IND,41,3,0,1,3,7.3
Mike Purcell,8530,DI,6,DEN,96,11,3,2,7,7.3
Vonn Bell,10695,S,8,CIN,206,32,12,2,15,7.3
Carl Nassib,10699,ED,7,LV,55,7,4,2,4,7.3
Brian Burns,44522,ED,8,CAR,138,14,6,1,10,7.2
Aldon Smith,6159,ED,8,DAL,181,21,9,8,13,7.2
Olivier Vernon,7074,ED,6,CLV,125,11,3,0,9,7.2
Mario Edwards Jr.,9468,DI,5,CHI,28,3,2,0,2,7.1
Morgan Fox,11184,DI,8,LA,70,11,1,2,5,7.1
Jordan Jenkins,10717,ED,8,NYJ,99,8,0,1,7,7.1
Daniel Ross,51592,DI,1,LV,14,2,0,0,1,7.1
Terrell Lewis,42845,ED,4,LA,14,1,0,0,1,7.1
Malik Harrison,28081,LB,7,BLT,42,5,3,1,3,7.1
Markus Golden,9491,ED,7,NYG,56,5,1,2,4,7.1
James Vaughters,9934,ED,8,CHI,85,8,3,0,6,7.1
Danny Shelton,9445,DI,7,DET,156,16,12,0,11,7.1
Preston Smith,9471,ED,7,GB,127,11,4,0,9,7.1
Devon Kennard,8809,ED,5,ARZ,86,7,1,2,6,7.0
Clelin Ferrell,25955,ED,7,LV,115,9,5,0,8,7.0
Malik Jackson,7647,DI,7,PHI,100,8,4,1,7,7.0
Jamal Adams,11761,S,3,SEA,57,6,3,0,4,7.0
Derrick Nnadi,49970,DI,8,KC,129,16,9,3,9,7.0
Neville Hewitt,9836,LB,8,NYJ,216,25,12,3,15,6.9
Yetur Gross-Matos,56444,ED,4,CAR,29,2,1,0,2,6.9
De'Vondre Campbell,10749,LB,7,ARZ,173,26,8,1,12,6.9
Jalyn Holmes,48400,ED,7,MIN,103,10,9,2,7,6.8
Ja'Whaun Bentley,50966,LB,7,NE,177,24,7,5,12,6.8
Trysten Hill,44519,DI,5,DAL,103,8,3,2,7,6.8
Anthony Hitchens,8754,LB,8,KC,176,24,11,2,12,6.8
Nick Kwiatkoski,10747,LB,5,LV,88,10,3,2,6,6.8
T.J. Edwards,30737,LB,5,PHI,88,14,5,5,6,6.8
Landon Collins,9466,S,7,WAS,179,18,8,7,12,6.7
Lorenzo Carter,50126,ED,5,NYG,104,10,1,0,7,6.7
Nathan Gerry,11940,LB,7,PHI,194,17,7,1,13,6.7
Trey Hendrickson,11858,ED,7,NO,90,6,1,2,6,6.7
Everson Griffen,5624,ED,7,DET,120,13,5,2,8,6.7
Nick Thurman,49607,DI,5,NE,45,4,2,0,3,6.7
Josh Jones,11816,S,7,JAX,194,25,4,1,13,6.7
Kareem Orr,50513,CB,2,TEN,15,2,0,0,1,6.7
David Onyemata,10754,DI,6,NO,76,6,3,1,5,6.6
Jordan Whitehead,49196,S,7,TB,137,10,2,0,9,6.6
Bobby Okereke,50954,LB,7,IND,123,12,6,4,8,6.5
John Franklin-Myers,50088,DI,7,NYJ,62,4,5,2,4,6.5
Jamie Collins Sr.,7833,LB,7,DET,169,24,11,3,11,6.5
Kyle Phillips,36340,ED,6,NYJ,92,6,5,0,6,6.5
Jonathan Bullard,10706,DI,3,SEA,31,2,1,0,2,6.5
Demario Davis,7079,LB,7,NO,169,20,6,2,11,6.5
Josey Jewell,50720,LB,7,DEN,169,19,9,1,11,6.5
Shaq Thompson,9458,LB,8,CAR,199,25,8,3,13,6.5
Joe Schobert,10733,LB,7,JAX,203,20,11,5,13,6.4
Javon Kinlaw,56834,DI,8,SF,109,9,3,1,7,6.4
Abry Jones,8177,DI,5,JAX,78,6,1,1,5,6.4
Dexter Lawrence,25991,DI,7,NYG,140,14,10,2,9,6.4
Romeo Okwara,11250,ED,7,DET,96,13,0,2,6,6.3
Chuck Clark,11941,S,7,BLT,142,18,3,2,9,6.3
Dante Fowler Jr.,9436,ED,8,ATL,96,8,4,2,6,6.3
Damien Wilson,9560,LB,8,KC,174,23,12,0,11,6.3
Jamal Perry,12259,CB,5,MIA,32,4,1,0,2,6.3
Chase Winovich,48523,ED,6,NE,63,7,0,3,4,6.3
Efe Obada,10235,ED,8,CAR,64,4,2,2,4,6.3
Taco Charlton,11783,ED,6,KC,32,3,1,0,2,6.3
J.J. Watt,6163,ED,7,HST,176,16,4,3,11,6.3
Chris Board,29456,LB,7,BLT,16,2,0,1,1,6.3
Khalil Mack,8640,ED,8,CHI,176,13,11,2,11,6.3
L.J. Fort,7292,LB,7,BLT,79,11,5,0,5,6.3
Sylvester Williams,7809,DI,2,DEN,16,2,0,0,1,6.3
Kamalei Correa,10676,LB,5,JAX,48,5,1,1,3,6.3
Marlon Davidson,48741,DI,3,ATL,16,2,0,0,1,6.3
Devante Downs,49842,LB,6,NYG,65,5,1,2,4,6.2
Jerry Hughes,5556,ED,8,BUF,130,11,6,4,8,6.2
Shamar Stephen,8854,DI,7,MIN,130,11,2,0,8,6.2
Lawrence Guy,6385,DI,7,NE,131,14,6,2,8,6.1
Ndamukong Suh,5527,DI,7,TB,98,11,2,2,6,6.1
Alex Singleton,9994,LB,7,PHI,114,16,10,3,7,6.1
Anthony Chickillo,9645,ED,5,DEN,49,6,1,1,3,6.1
DeMarcus Walker,11806,DI,4,DEN,33,2,1,0,2,6.1
Folorunso Fatukasi,38558,DI,8,NYJ,114,9,8,2,7,6.1
Benson Mayowa,8196,ED,6,SEA,98,8,2,2,6,6.1
Chandler Jones,7027,ED,5,ARZ,114,7,0,3,7,6.1
John Penisini,57037,DI,7,DET,99,6,4,2,6,6.1
Carlos Dunlap,5579,ED,6,SEA,83,8,4,1,5,6.0
Jacob Martin,50152,ED,7,HST,50,3,2,0,3,6.0
Harrison Phillips,48690,DI,6,BUF,84,6,1,1,5,6.0
DeShawn Williams,9891,DI,5,DEN,67,7,3,2,4,6.0
Harold Landry III,48600,ED,7,TEN,168,17,6,2,10,6.0
Pernell McPhee,6317,ED,7,BLT,50,7,4,2,3,6.0
Shaun Dion Hamilton,49706,LB,4,WAS,34,4,1,1,2,5.9
Leon Jacobs,44980,LB,3,JAX,17,1,0,0,1,5.9
Roy Robertson-Harris,11341,DI,8,CHI,101,9,0,1,6,5.9
Chris Jones,10671,DI,7,KC,135,12,4,6,8,5.9
Michael Davis,12040,CB,7,LAC,135,9,1,0,8,5.9
Doug Costin,44473,DI,4,JAX,51,4,3,0,3,5.9
Taylor Rapp,51172,S,7,LA,118,12,4,1,7,5.9
Randy Gregory,9493,ED,2,DAL,17,2,0,1,1,5.9
Armon Watts,27844,DI,7,MIN,85,6,6,3,5,5.9
Michael Jacquet III,47826,CB,1,PHI,17,2,0,0,1,5.9
Malcolm Smith,6394,LB,8,CLV,69,14,5,0,4,5.8
Za'Darius Smith,9555,ED,7,GB,138,13,6,3,8,5.8
Ed Oliver,42200,DI,8,BUF,121,12,2,3,7,5.8
Rashaan Evans,50213,LB,7,TEN,154,22,3,0,9,5.8
Poona Ford,48875,DI,7,SEA,120,9,2,3,7,5.8
Deatrich Wise Jr.,11886,ED,7,NE,103,10,8,1,6,5.8
Grady Jarrett,9570,DI,8,ATL,139,14,7,5,8,5.8
K.J. Wright,6251,LB,7,SEA,155,11,2,2,9,5.8
Bilal Nichols,28451,DI,8,CHI,139,10,5,1,8,5.8
D.J. Jones,11953,DI,8,SF,106,8,5,1,6,5.7
Cody Barton,50727,LB,6,SEA,53,10,4,0,3,5.7
Tyler Lancaster,48604,DI,6,GB,88,6,4,1,5,5.7
Austin Johnson,10677,DI,7,NYG,53,3,0,0,3,5.7
Fletcher Cox,7018,DI,8,PHI,179,12,5,0,10,5.6
Kenneth Murray,58099,LB,7,LAC,144,14,8,0,8,5.6
Denico Autry,8982,ED,7,IND,108,9,2,2,6,5.6
Jack Crawford,7151,DI,7,TEN,72,4,3,1,4,5.6
Vinny Curry,7061,ED,4,PHI,36,3,1,0,2,5.6
Charles Washington,11137,S,3,ARZ,18,1,0,0,1,5.6
Cre'Von LeBlanc,11218,CB,6,PHI,36,2,1,1,2,5.6
Jadeveon Clowney,8636,ED,7,TEN,126,9,5,1,7,5.6
Robert Quinn,6166,ED,7,CHI,54,4,2,0,3,5.6
Will Compton,8308,LB,3,TEN,18,1,1,0,1,5.6
Larry Ogunjobi,11820,DI,7,CLV,142,15,4,2,8,5.6
Mykal Walker,57834,LB,8,ATL,89,10,6,1,5,5.6
Justin Houston,6222,ED,7,IND,89,6,3,4,5,5.6
Byron Cowart,50588,DI,6,NE,109,8,8,0,6,5.5
Deionte Thompson,25444,S,6,ARZ,109,12,1,3,6,5.5
Dorance Armstrong,48557,ED,8,DAL,73,10,2,1,4,5.5
Jordan Phillips,9485,DI,7,ARZ,91,6,1,1,5,5.5
Mario Addison,6558,ED,8,BUF,109,8,1,1,6,5.5
Jarrad Davis,11776,LB,7,DET,73,7,5,4,4,5.5
Chris Banjo,8419,S,4,ARZ,55,8,1,1,3,5.5
Derek Barnett,11769,ED,7,PHI,109,8,4,1,6,5.5
Davon Hamilton,28072,DI,7,JAX,130,12,8,2,7,5.4
Rashan Gary,42905,ED,6,GB,56,3,1,0,3,5.4
Keanu Neal,10651,S,7,ATL,129,15,5,2,7,5.4
Malik Reed,48567,ED,7,DEN,113,7,4,0,6,5.3
Chris Wormley,11829,DI,6,PIT,19,1,1,0,1,5.3
Kyle Dugger,90621,S,5,NE,38,3,3,0,2,5.3
Bradley Chubb,48526,ED,7,DEN,131,9,3,5,7,5.3
Trevon Coley,11093,DI,2,ARZ,19,2,1,0,1,5.3
Barkevious Mingo,7787,ED,8,CHI,95,8,3,1,5,5.3
Angelo Blackson,9533,DI,7,ARZ,75,5,1,4,4,5.3
Marcell Harris,51408,S,5,SF,57,7,1,2,3,5.3
Kenny Vaccaro,7796,S,7,TEN,172,14,2,3,9,5.2
Reggie Ragland,10675,ED,7,DET,97,7,5,0,5,5.2
Christian Jones,9020,LB,7,DET,136,12,7,2,7,5.1
Quinton Jefferson,10781,DI,8,BUF,98,8,5,2,5,5.1
Chris Jackson,42512,CB,5,TEN,59,5,3,1,3,5.1
Emmanuel Ogbah,10666,ED,7,MIA,118,7,5,0,6,5.1
Daniel Sorensen,9253,S,8,KC,137,21,6,4,7,5.1
Sheldrick Redwine,50458,S,3,CLV,39,2,1,1,2,5.1
Tracy Walker,51266,S,7,DET,179,16,6,1,9,5.0
Kyler Fackrell,10722,ED,7,NYG,139,12,2,4,7,5.0
Jonathan Garvin,56703,ED,4,GB,20,2,0,1,1,5.0
Kenny Moore II,51596,CB,7,IND,141,8,5,3,7,5.0
Carl Lawson,11871,ED,8,CIN,119,10,8,1,6,5.0
Delano Hill,11849,S,2,SEA,20,1,0,0,1,5.0
Nick Williams,8006,DI,6,DET,100,9,2,1,5,5.0
Jahlani Tavai,51055,LB,7,DET,121,11,6,2,6,5.0
Adrian Phillips,9177,S,7,NE,162,17,14,3,8,4.9
Vic Beasley Jr.,9441,ED,5,TEN,41,3,0,1,2,4.9
Cory Littleton,11190,LB,7,LV,163,11,8,3,8,4.9
Ryan Anderson,11804,ED,7,WAS,63,3,3,0,3,4.8
Johnathan Abram,34646,S,6,LV,125,13,2,4,6,4.8
David Long Jr.,27377,CB,4,LA,21,2,0,0,1,4.8
Aaron Donald,8648,DI,8,LA,146,9,6,0,7,4.8
Jihad Ward,10678,ED,6,BLT,62,5,3,0,3,4.8
John Cominsky,88313,DI,5,ATL,62,5,2,1,3,4.8
Matt Milano,11918,LB,5,BUF,62,9,1,3,3,4.8
Malcolm Jenkins,4937,S,7,NO,168,18,2,2,8,4.8
Jaylinn Hawkins,51423,S,3,ATL,21,2,2,0,1,4.8
A.J. Klein,7930,LB,7,BUF,127,12,2,5,6,4.7
Antwaun Woods,11332,DI,8,DAL,128,8,6,1,6,4.7
Khari Willis,51304,S,7,IND,149,14,5,0,7,4.7
Jordyn Brooks,50851,LB,5,SEA,43,3,4,1,2,4.7
Steven Means,7929,ED,8,ATL,107,8,7,3,5,4.7
Tanoh Kpassagnon,11814,ED,8,KC,171,10,4,2,8,4.7
Zach Allen,49605,ED,7,ARZ,85,6,2,0,4,4.7
Ryan Neal,49132,S,5,SEA,109,12,2,4,5,4.6
Dre Greenlaw,51503,LB,6,SF,109,11,5,0,5,4.6
Jeffrey Okudah,55674,CB,6,DET,152,11,1,1,7,4.6
Lamarcus Joyner,8676,CB,7,LV,108,8,4,1,5,4.6
Anthony Barr,8644,LB,2,MIN,44,3,0,0,2,4.5
Yannick Ngakoue,10703,ED,7,BLT,110,7,0,1,5,4.5
Duke Riley,11830,LB,7,PHI,155,14,7,3,7,4.5
Matthew Judon,10780,ED,7,BLT,67,4,5,2,3,4.5
John Simon,7911,ED,7,NE,178,16,3,5,8,4.5
Joe Thomas,9272,LB,7,DAL,157,18,8,5,7,4.5
Matt Dickerson,49601,DI,3,TEN,22,1,1,1,1,4.5
Chandon Sullivan,49349,CB,7,GB,67,3,2,1,3,4.5
Desmond King II,11906,CB,6,LAC,67,4,3,1,3,4.5
Zach Kerr,9195,DI,7,CAR,89,4,3,1,4,4.5
Jayon Brown,11910,LB,7,TEN,176,15,12,3,8,4.5
Davon Godchaux,11934,DI,5,MIA,89,9,4,0,4,4.5
Dean Lowry,10771,DI,7,GB,134,7,6,0,6,4.5
Stephen Weatherly,10861,ED,8,CAR,137,11,2,2,6,4.4
Adam Butler,12214,DI,7,NE,45,3,3,0,2,4.4
Javon Hargrave,10723,DI,7,PHI,113,6,3,0,5,4.4
Leonard Floyd,10643,ED,8,LA,162,9,8,5,7,4.3
Tashaun Gipson Sr.,7288,S,8,CHI,207,16,4,2,9,4.3
Tarvarius Moore,49178,S,3,SF,23,4,0,0,1,4.3
Brennan Scarlett,11169,ED,7,HST,141,12,6,4,6,4.3
B.J. Goodson,10743,LB,8,CLV,186,18,11,1,8,4.3
Ugo Amadi,49352,CB,6,SEA,46,3,1,0,2,4.3
Raekwon McMillan,11809,LB,4,LV,23,3,1,0,1,4.3
Carlos Watkins,11897,DI,7,HST,92,7,1,0,4,4.3
Corey Peters,5607,DI,7,ARZ,115,5,2,1,5,4.3
Jordan Willis,11828,ED,3,SF,23,1,0,1,1,4.3
Jerome Baker,28091,LB,7,MIA,143,20,12,2,6,4.2
Kawann Short,7825,DI,3,CAR,48,2,0,0,2,4.2
Carlton Davis,49335,CB,7,TB,143,7,2,0,6,4.2
Adrian Clayborn,6172,ED,7,CLV,48,4,3,0,2,4.2
Jourdan Lewis,11846,CB,7,DAL,143,11,1,0,6,4.2
Bryan Mone,38461,DI,7,SEA,71,4,2,2,3,4.2
Christian Kirksey,8706,LB,3,GB,49,10,1,1,2,4.1
Nathan Shepherd,24614,DI,6,NYJ,49,2,1,0,2,4.1
Dean Marlowe,9966,S,7,BUF,73,6,1,3,3,4.1
Marcus Maye,11794,S,8,NYJ,218,15,10,4,9,4.1
Jabrill Peppers,11780,S,6,NYG,121,7,7,3,5,4.1
Charles Harris,11777,ED,6,ATL,50,3,0,1,2,4.0
Kenny Young,51029,LB,8,LA,99,10,7,1,4,4.0
Genard Avery,49699,ED,5,PHI,25,1,0,0,1,4.0
Jason Pierre-Paul,5540,ED,7,TB,124,5,6,2,5,4.0
Isaac Yiadom,49355,CB,4,NYG,50,3,1,0,2,4.0
Robert Spillane,50918,LB,5,PIT,77,10,4,2,3,3.9
Mackensie Alexander,10688,CB,6,CIN,103,6,0,0,4,3.9
Alex Anzalone,11831,LB,7,NO,154,11,9,5,6,3.9
Brandon Jones,43049,S,7,MIA,51,4,2,0,2,3.9
Kyle Van Noy,8675,LB,6,MIA,127,13,5,1,5,3.9
Kevin Pierre-Louis,8767,LB,7,WAS,152,13,6,2,6,3.9
Kevin Byard,10698,S,7,TEN,178,20,2,4,7,3.9
Jordan Poyer,8000,S,8,BUF,209,23,8,1,8,3.8
Carl Granderson,48500,ED,7,NO,53,5,1,4,2,3.8
Taron Johnson,49511,CB,8,BUF,133,12,6,1,5,3.8
Zaire Franklin,49834,LB,4,IND,26,2,2,1,1,3.8
L.J. Collier,48822,DI,7,SEA,104,5,1,0,4,3.8
Patrick Robinson,5557,CB,3,NO,53,3,1,0,2,3.8
Jaquiski Tartt,9479,S,6,SF,131,8,0,2,5,3.8
Taylor Stallworth,48935,DI,7,IND,27,3,0,0,1,3.7
Tyrel Dodson,51045,LB,4,BUF,54,3,2,3,2,3.7
Jeremy Chinn,43179,S,8,CAR,191,23,11,8,7,3.7
Tarell Basham,11835,ED,8,NYJ,108,5,2,3,4,3.7
Jimmy Moreland,28704,CB,7,WAS,83,5,0,0,3,3.6
Myles Garrett,11756,ED,8,CLV,139,11,2,0,5,3.6
Xavier Woods,11946,S,8,DAL,249,20,6,4,9,3.6
Chris Harris Jr.,6457,CB,3,LAC,55,4,1,2,2,3.6
Anthony Harris,9895,S,7,MIN,195,18,7,2,7,3.6
Justin Hollins,48498,ED,8,LA,56,7,2,1,2,3.6
K'Von Wallace,42467,S,5,PHI,28,2,2,0,1,3.6
Brian Poole,11052,CB,8,NYJ,166,9,2,1,6,3.6
Bud Dupree,9455,ED,7,PIT,137,7,2,1,5,3.6
Logan Ryan,7864,S,7,NYG,170,13,0,0,6,3.5
Terrence Brooks,8714,S,7,NE,85,8,0,1,3,3.5
DaQuan Jones,8747,DI,7,TEN,144,10,5,2,5,3.5
Josh Norman,7649,CB,3,BUF,85,6,0,1,3,3.5
Marquis Haynes,50244,ED,8,CAR,57,4,2,1,2,3.5
Janoris Jenkins,7043,CB,5,NO,113,6,0,2,4,3.5
Rayshawn Jenkins,11868,S,7,LAC,141,8,7,3,5,3.5
Bryce Huff,27128,ED,6,NYJ,57,4,1,1,2,3.5
Taven Bryan,48753,DI,7,JAX,141,6,3,1,5,3.5
Germaine Pratt,29407,LB,8,CIN,171,18,8,2,6,3.5
D.J. Wonnum,44550,ED,6,MIN,57,4,0,2,2,3.5
Tre Boston,8763,S,8,CAR,203,22,7,3,7,3.4
Kareem Jackson,5545,S,7,DEN,177,16,7,4,6,3.4
Mack Wilson,43190,LB,6,CLV,88,7,5,2,3,3.4
Sheldon Rankins,10646,DI,7,NO,87,4,3,1,3,3.4
Josh Jackson,50417,CB,4,GB,87,7,2,2,3,3.4
Harvey Langi,50118,LB,2,NYJ,29,1,0,2,1,3.4
Raekwon Davis,44582,DI,7,MIA,89,7,4,2,3,3.4
Hardy Nickerson,50712,LB,2,MIN,29,1,1,0,1,3.4
D.J. Hayden,7793,CB,4,JAX,60,4,0,0,2,3.3
William Gholston,7908,DI,7,TB,90,8,3,1,3,3.3
Ifeadi Odenigbo,11975,ED,7,MIN,120,8,6,1,4,3.3
Adarius Taylor,9074,LB,7,CAR,30,1,2,1,1,3.3
Tremaine Edmunds,50905,LB,7,BUF,184,21,10,2,6,3.3
Broderick Washington Jr.,50049,DI,4,BLT,30,1,0,0,1,3.3
Khalid Kareem,42993,ED,8,CIN,61,3,2,2,2,3.3
Maxx Crosby,26316,ED,7,LV,124,6,4,2,4,3.2
Al-Quadin Muhammad,11951,ED,7,IND,62,4,1,0,2,3.2
Dion Jordan,7785,ED,6,SF,63,3,3,2,2,3.2
Jeff Gladney,50471,CB,7,MIN,154,14,0,2,5,3.2
Jonathan Jones,11217,CB,7,NE,154,12,3,1,5,3.2
Rodney McLeod,7271,S,8,PHI,226,16,1,5,7,3.1
Trent Murphy,8682,ED,7,BUF,96,7,0,0,3,3.1
Isaiah Simmons,42451,LB,6,ARZ,32,3,2,0,1,3.1
Larrell Murchison,57004,DI,6,TEN,33,3,0,0,1,3.0
Maurice Hurst,38563,DI,6,LV,67,6,2,1,2,3.0
Adrian Amos,9575,S,7,GB,164,11,4,5,5,3.0
Lamar Jackson,50532,CB,3,NYJ,66,2,0,2,2,3.0
Cameron Sutton,11850,S,5,PIT,34,1,0,0,1,2.9
Mike Daniels,7132,DI,4,CIN,68,3,2,1,2,2.9
DeShon Elliott,28854,S,7,BLT,138,7,4,3,4,2.9
Anfernee Jennings,25449,LB,4,NE,68,5,4,0,2,2.9
Avonte Maddox,50543,CB,4,PHI,105,8,1,2,3,2.9
Malcolm Butler,9040,CB,7,TEN,171,10,1,3,5,2.9
Bravvion Roy,25644,DI,7,CAR,70,7,1,2,2,2.9
Eddie Jackson,11867,S,8,CHI,206,19,1,4,6,2.9
Shaq Lawson,10653,ED,6,MIA,105,5,5,0,3,2.9
Justin Simmons,10732,S,7,DEN,178,11,3,0,5,2.8
Justin Reid,49048,S,7,HST,213,16,4,4,6,2.8
Buster Skrine,6289,CB,8,CHI,108,5,4,2,3,2.8
Adrian Colbert,11983,S,3,NYG,36,3,1,0,1,2.8
Jalen Mills,10867,S,8,PHI,211,12,4,3,6,2.8
Antoine Winfield Jr.,42475,S,7,TB,141,8,1,2,4,2.8
Harrison Smith,7641,S,7,MIN,180,12,5,3,5,2.8
Justin Madubuike,44304,DI,3,BLT,36,2,2,1,1,2.8
Rakeem Nunez-Roches,9650,DI,7,TB,75,3,5,1,2,2.7
Frank Clark,9496,ED,8,KC,146,7,2,0,4,2.7
Isaiah Oliver,50393,CB,8,ATL,147,9,2,0,4,2.7
Trayvon Mullen,41968,CB,7,LV,149,7,1,4,4,2.7
Tavierre Thomas,66931,CB,4,CLV,37,1,0,0,1,2.7
Kamu Grugier-Hill,10842,LB,7,MIA,38,3,2,0,1,2.6
Blessuan Austin,50434,CB,7,NYJ,152,10,3,3,4,2.6
Shilique Calhoun,10709,ED,6,NE,78,7,3,0,2,2.6
Quinton Dunbar,10073,CB,5,SEA,115,7,1,0,3,2.6
Justin Ellis,8742,DI,5,BLT,38,1,1,1,1,2.6
Rashard Lawrence,44515,DI,5,ARZ,38,1,0,0,1,2.6
Dakota Allen,30076,LB,4,JAX,39,2,1,1,1,2.6
Blidi Wreh-Wilson,7851,CB,6,ATL,38,1,1,0,1,2.6
Amani Bledsoe,42782,ED,8,CIN,81,3,5,1,2,2.5
Arden Key,50201,ED,6,LV,40,2,1,0,1,2.5
Jessie Bates III,49162,S,8,CIN,202,18,10,4,5,2.5
Maliek Collins,10701,DI,6,LV,79,2,2,1,2,2.5
Damion Square,8042,DI,7,LAC,40,2,2,1,1,2.5
Tre Flowers,49059,CB,7,SEA,80,4,0,0,2,2.5
Justin Hamilton,9732,DI,3,DAL,42,1,1,0,1,2.4
Kyzir White,44485,LB,7,LAC,127,11,6,4,3,2.4
Troy Pride Jr.,42883,CB,8,CAR,123,8,3,1,3,2.4
Jerry Tillery,49949,DI,7,LAC,88,4,3,0,2,2.3
Corey Ballentine,83833,CB,3,NYG,43,3,0,1,1,2.3
Jordan Elliott,56734,DI,8,CLV,86,4,3,0,2,2.3
Terrell Edmunds,51334,S,7,PIT,133,7,2,0,3,2.3
Darnell Savage,34247,S,6,GB,133,14,2,4,3,2.3
Eric Wilson,38587,LB,7,MIN,182,13,8,3,4,2.2
Daryl Worley,10711,CB,7,DAL,93,5,1,0,2,2.2
Tre Herndon,50380,CB,7,JAX,178,8,1,4,4,2.2
Tyrone Crawford,7083,DI,8,DAL,93,3,4,0,2,2.2
Bryce Callahan,10000,CB,7,DEN,178,7,1,0,4,2.2
Vincent Taylor,11949,DI,7,CLV,45,4,1,1,1,2.2
Donovan Wilson,49408,S,5,DAL,137,11,2,6,3,2.2
Corn Elder,11907,CB,8,CAR,46,1,0,0,1,2.2
Bashaud Breeland,8737,CB,4,KC,93,3,0,2,2,2.2
Haason Reddick,11768,ED,7,ARZ,96,5,4,0,2,2.1
Josh Allen,50235,ED,5,JAX,97,3,1,0,2,2.1
Azeez Al-Shaair,49792,LB,6,SF,50,2,1,1,1,2.0
Joe Haden,5532,CB,7,PIT,153,5,4,2,3,2.0
Michael Danna,48415,ED,5,KC,51,2,3,1,1,2.0
Erik Harris,10346,S,7,LV,150,12,3,2,3,2.0
Eric Murray,10740,S,7,HST,203,13,5,3,4,2.0
Dre Kirkpatrick,7023,CB,7,ARZ,101,7,1,1,2,2.0
Sidney Jones,11798,CB,4,JAX,54,3,0,1,1,1.9
Michael Ojemudia,50327,CB,7,DEN,157,4,0,6,3,1.9
Essang Bassey,45258,CB,5,DEN,54,2,1,0,1,1.9
Darius Phillips,49507,CB,8,CIN,156,4,2,1,3,1.9
Julian Blackmon,49434,S,6,IND,111,4,0,0,2,1.8
Jeremiah Attaochu,8685,ED,4,DEN,56,2,2,0,1,1.8
Phillip Gaines,8722,CB,5,HST,57,2,3,0,1,1.8
Trevon Diggs,41817,CB,8,DAL,234,13,3,2,4,1.7
William Jackson III,10658,CB,7,CIN,176,5,0,0,3,1.7
Mike Hughes,34057,CB,4,MIN,60,2,2,3,1,1.7
Troy Hill,9881,CB,8,LA,173,8,2,6,3,1.7
Tyeler Davison,9587,DI,8,ATL,119,5,3,0,2,1.7
Sam Franklin,43580,S,3,CAR,60,5,0,2,1,1.7
Kentavius Street,48404,DI,7,SF,58,3,2,0,1,1.7
Jason McCourty,5127,CB,7,NE,115,6,1,0,2,1.7
Micah Hyde,7941,S,7,BUF,176,15,5,2,3,1.7
Pierre Desir,8762,CB,8,NYJ,189,10,1,3,3,1.6
Jason Verrett,8660,CB,6,SF,127,3,1,0,2,1.6
K'Waun Williams,9332,CB,5,SF,61,2,2,1,1,1.6
Ronald Darby,9483,CB,7,WAS,184,8,2,0,3,1.6
Nasir Adderley,33880,S,7,LAC,124,9,1,4,2,1.6
Juan Thornhill,50426,S,8,KC,191,11,1,2,3,1.6
James Bradberry,10696,CB,7,NYG,190,6,1,1,3,1.6
A.J. Terrell,55586,CB,6,ATL,122,6,2,3,2,1.6
Neville Gallimore,28094,DI,6,DAL,64,3,4,0,1,1.6
Damon Arnette,28080,CB,3,LV,61,5,0,1,1,1.6
Jarrod Wilson,10902,S,3,JAX,61,3,3,1,1,1.6
Ben Niemann,51099,LB,8,KC,68,6,0,1,1,1.5
Charvarius Ward,43034,CB,7,KC,137,5,3,0,2,1.5
Jaylon Johnson,56259,CB,8,CHI,204,5,1,0,3,1.5
L'Jarius Sneed,40588,CB,3,KC,66,2,0,1,1,1.5
Rashad Fenton,49329,CB,8,KC,135,4,0,0,2,1.5
Eric Rowe,9480,S,7,MIA,136,12,4,2,2,1.5
Whitney Mercilus,7031,ED,7,HST,133,6,1,5,2,1.5
Margus Hunt,7834,ED,6,CIN,65,1,1,1,1,1.5
Kyle Fuller,8649,CB,8,CHI,205,7,1,4,3,1.5
Rasul Douglas,11854,CB,6,CAR,131,6,1,2,2,1.5
Kristian Fulton,42894,CB,5,TEN,65,5,0,2,1,1.5
Will Harris,51336,S,6,DET,66,7,1,2,1,1.5
Tyrann Mathieu,7850,S,8,KC,208,13,2,4,3,1.4
Johnathan Joseph,2969,CB,7,TEN,139,5,2,1,2,1.4
Ryan Kerrigan,6168,ED,7,WAS,71,2,2,1,1,1.4
Casey Hayward Jr.,7064,CB,7,LAC,142,5,1,4,2,1.4
Marshon Lattimore,11766,CB,6,NO,147,7,2,1,2,1.4
J.C. Jackson,42781,CB,7,NE,142,4,1,0,2,1.4
Byron Murphy,44027,CB,7,ARZ,144,3,1,0,2,1.4
Ronnie Harrison,49206,S,3,CLV,72,4,6,0,1,1.4
Lonnie Johnson Jr.,55615,S,7,HST,71,4,0,0,1,1.4
Rock Ya-Sin,49564,CB,5,IND,75,4,1,0,1,1.3
Jaire Alexander,49350,CB,7,GB,154,3,2,1,2,1.3
Jimmy Smith,6179,CB,7,BLT,79,2,0,0,1,1.3
Jamel Dean,34918,CB,7,TB,75,2,2,0,1,1.3
Andrew Wingard,49268,S,4,JAX,80,6,2,1,1,1.3
C.J. Henderson,55593,CB,6,JAX,150,7,1,1,2,1.3
Charles Omenihu,50612,DI,7,HST,77,1,1,0,1,1.3
K'Lavon Chaisson,57945,ED,7,JAX,85,2,2,1,1,1.2
Marcus Williams,11797,S,7,NO,169,11,6,0,2,1.2
LeShaun Sims,10791,CB,6,CIN,84,2,1,0,1,1.2
John Johnson III,11847,S,8,LA,180,10,4,1,2,1.1
Karl Joseph,10648,S,6,CLV,92,6,4,2,1,1.1
Darius Slay,7817,CB,8,PHI,185,8,2,3,2,1.1
Cameron Dantzler,42472,CB,5,MIN,101,3,2,3,1,1.0
Nevin Lawson,8768,CB,6,LV,103,3,1,0,1,1.0
Nickell Robey-Coleman,8483,CB,8,PHI,97,3,1,4,1,1.0
Holton Hill,50414,CB,4,MIN,107,7,2,2,1,0.9
Julian Love,51081,S,6,NYG,133,6,2,1,1,0.8
Xavier Rhodes,7806,CB,7,IND,132,3,0,0,1,0.8
Shaquill Griffin,11845,CB,6,SEA,126,3,2,1,1,0.8
Dontari Poe,7017,DI,7,DAL,131,3,4,1,1,0.8
Emmanuel Moseley,50430,CB,6,SF,121,6,4,0,1,0.8
Juston Burris,10752,S,6,CAR,130,2,1,5,1,0.8
Anthony Brown,10823,CB,5,DAL,140,5,1,1,1,0.7
Sean Murphy-Bunting,25891,CB,7,TB,136,2,2,2,1,0.7
Marlon Humphrey,11771,CB,7,BLT,141,3,0,0,1,0.7
Marcus Peters,9451,CB,7,BLT,136,1,0,2,1,0.7
Darious Williams,55724,CB,8,LA,135,2,1,1,1,0.7
Kendall Fuller,10718,CB,5,WAS,145,2,2,0,1,0.7
Steven Nelson,9531,CB,7,PIT,149,6,1,2,1,0.7
Stephon Gilmore,7016,CB,6,NE,157,4,2,2,1,0.6
Bradley Roby,8666,CB,7,HST,180,3,2,4,1,0.6
Bradley McDougald,8220,S,7,NYJ,178,6,3,5,1,0.6
Jalen Ramsey,10639,CB,7,LA,156,2,2,3,1,0.6
Jimmie Ward,8665,S,7,SF,166,8,3,0,1,0.6
Minkah Fitzpatrick,51206,S,7,PIT,155,8,6,2,1,0.6
Andrew Sendejo,6118,S,8,CLV,201,8,4,6,1,0.5
Denzel Ward,49558,CB,8,CLV,187,4,2,2,1,0.5
Amani Oruwariye,50533,CB,7,DET,196,4,1,3,1,0.5
Terrance Mitchell,8888,CB,8,CLV,198,5,1,0,1,0.5
Dane Jackson,32989,CB,1,BUF,22,1,0,0,0,0.0
George Odum,31342,S,1,IND,2,0,0,0,0,0.0
Derick Roberson,30462,ED,1,TEN,1,0,0,0,0,0.0
Joejuan Williams,29113,CB,3,NE,12,1,1,0,0,0.0
Trent Harris,48575,ED,1,NYG,4,0,0,0,0,0.0
Javin White,28987,LB,1,LV,1,0,0,0,0,0.0
Jermaine Carter,28838,LB,5,CAR,14,1,2,0,0,0.0
Braxton Hoyett,48665,DI,1,KC,1,0,0,0,0,0.0
Troy Dye,28251,LB,2,MIN,28,1,0,1,0,0.0
Tremon Smith,28196,CB,1,IND,2,0,0,0,0,0.0
Rashod Berry,28071,ED,1,NE,1,0,0,0,0,0.0
Khalil Dorsey,27819,CB,1,BLT,3,0,0,0,0,0.0
Rasheem Green,48731,DI,1,SEA,4,1,0,0,0,0.0
Josh Uche,27379,LB,1,NE,6,0,0,0,0,0.0
Raequan Williams,27300,DI,1,PHI,7,0,0,0,0,0.0
Siran Neal,27130,CB,3,BUF,8,0,0,0,0,0.0
Isaiah Rodgers,27069,CB,2,IND,6,0,0,0,0,0.0
D.J. Reed Jr.,26940,CB,1,SEA,1,0,0,0,0,0.0
Henry Mondeaux,48889,DI,2,PIT,14,0,0,0,0,0.0
Reggie Walker,26885,ED,1,ARZ,6,1,0,0,0,0.0
Ben Banogu,26554,ED,7,IND,26,2,0,2,0,0.0
Jabari Zuniga,26449,ED,1,NYJ,3,0,0,0,0,0.0
Freddie Swain,26448,WR,1,SEA,1,0,0,0,0,0.0
Craig James,26360,CB,1,PHI,8,0,0,0,0,0.0
Isaiah Mack,26229,DI,6,TEN,36,1,0,1,0,0.0
Kendal Vickers,48993,DI,6,LV,39,1,1,1,0,0.0
Nick Scott,49012,S,1,LA,1,0,0,0,0,0.0
Henry Black,25687,S,1,GB,3,0,0,0,0,0.0
Jalen Thompson,49116,S,1,ARZ,1,1,0,0,0,0.0
Levi Wallace,25445,CB,5,BUF,95,8,0,0,0,0.0
Dylan Cole,24304,LB,1,HST,3,1,0,0,0,0.0
Sam Eguavoen,15301,ED,4,MIA,20,1,3,1,0,0.0
Ken Webster,12955,CB,1,SF,1,0,0,0,0,0.0
Greg Ward,12258,WR,1,PHI,1,0,0,0,0,0.0
Devin McCourty,5552,S,7,NE,195,9,6,2,0,0.0
Demetrius Flannigan-Fowles,49231,LB,1,SF,2,0,0,0,0,0.0
Troy Apke,49260,S,5,WAS,132,7,4,2,0,0.0
Marcus Allen,49263,S,1,PIT,2,0,0,0,0,0.0
Corey Clement,12253,HB,1,PHI,1,0,0,0,0,0.0
Calvin Munson,12236,LB,1,MIA,4,0,0,0,0,0.0
Devaroe Lawrence,12222,DI,1,WAS,2,1,0,0,0,0.0
Chris Jones,49339,CB,1,MIN,3,0,0,0,0,0.0
Alex Barrett,12183,ED,3,SF,15,0,1,0,0,0.0
Bryan Cox Jr.,12092,ED,1,BUF,12,0,1,0,0,0.0
Ryan Lewis,12017,CB,5,NYG,99,0,0,2,0,0.0
David Moore,11981,WR,1,SEA,1,0,0,0,0,0.0
Donte Jackson,49377,CB,7,CAR,101,1,1,0,0,0.0
John Reid,49381,CB,2,HST,18,1,0,0,0,0.0
Mark Fields,49394,CB,1,MIN,5,0,0,0,0,0.0
Rudy Ford,11963,S,1,PHI,1,0,0,0,0,0.0
Brandon Wilson,11962,S,2,CIN,4,0,0,0,0,0.0
Trent Taylor,11932,WR,1,SF,1,0,0,0,0,0.0
Brian Allen,11928,CB,1,SF,7,0,0,0,0,0.0
Ka'Dar Hollman,49446,CB,2,GB,6,1,0,0,0,0.0
Nate Hairston,11913,CB,1,NYJ,17,0,0,0,0,0.0
Damontae Kazee,11904,S,4,ATL,79,5,0,1,0,0.0
Madre Harper,49537,S,2,NYG,7,0,0,0,0,0.0
Ashtyn Davis,49560,S,4,NYJ,41,1,0,0,0,0.0
Tedric Thompson,11866,S,6,KC,23,3,1,0,0,0.0
Andrew Brown,49636,DI,4,CIN,25,0,1,0,0,0.0
Markus Bailey,49681,LB,1,CIN,2,0,0,0,0,0.0
Fabian Moreau,11836,CB,4,WAS,29,1,0,0,0,0.0
Ahkello Witherspoon,11821,CB,4,SF,59,3,1,0,0,0.0
Chidobe Awuzie,11815,CB,2,DAL,53,0,0,0,0,0.0
Otaro Alaka,49757,LB,1,BLT,1,0,0,0,0,0.0
Kevin King,11788,CB,4,GB,67,3,0,1,0,0.0
Tre'Davious White,11782,CB,7,BUF,175,4,3,2,0,0.0
Ryan Connelly,49840,LB,1,MIN,1,0,0,1,0,0.0
Solomon Thomas,11758,DI,2,SF,17,0,1,0,0,0.0
Jaydon Mickens,11371,WR,2,TB,2,0,0,0,0,0.0
Tony McRae,11358,CB,1,DET,2,0,0,0,0,0.0
Antonio Hamilton,11353,CB,5,KC,24,1,0,0,0,0.0
Kevin Peterson,11302,CB,2,ARZ,5,0,0,0,0,0.0
Ken Crawley,11224,CB,1,NO,4,1,0,0,0,0.0
Eddie Yarbrough,11033,ED,1,MIN,12,2,0,1,0,0.0
Trevor Williams,11004,CB,2,PHI,8,0,0,0,0,0.0
Matthias Farley,10953,S,1,NYJ,3,0,1,0,0,0.0
Tyler Matakevich,10880,LB,2,BUF,7,0,0,0,0,0.0
Clayton Fejedelem,10879,S,1,MIA,1,1,0,0,0,0.0
Kavon Frazier,10846,S,2,MIA,3,0,0,0,0,0.0
Derek Watt,10832,FB,1,PIT,1,0,0,0,0,0.0
DeAndre Houston-Carson,10819,S,3,CHI,3,0,0,0,0,0.0
Deon Bush,10758,S,1,CHI,1,0,0,0,0,0.0
Oren Burks,50203,LB,3,GB,15,0,0,0,0,0.0
Tavon Young,10738,CB,1,BLT,8,0,0,0,0,0.0
Nick Vigil,10721,LB,2,LAC,23,1,1,1,0,0.0
Tipa Galeai,50275,ED,1,GB,2,0,0,0,0,0.0
Darian Thompson,10705,S,5,DAL,77,4,2,2,0,0.0
Will Redmond,10702,S,7,GB,54,2,1,1,0,0.0
Sean Davis,10692,ED,1,PIT,1,0,0,0,0,0.0
Xavien Howard,10672,CB,7,MIA,147,4,0,1,0,0.0
Nik Needham,50356,CB,5,MIA,65,2,4,1,0,0.0
Anthony Averett,50365,CB,5,BLT,25,0,0,0,0,0.0
Vernon Hargreaves III,10645,CB,7,HST,165,5,0,2,0,0.0
T.Y. McGill,10156,DI,2,PHI,18,0,0,0,0,0.0
Curtis Riley,10109,S,2,MIN,29,1,2,1,0,0.0
De'Vante Bausby,10057,CB,2,DEN,22,0,0,0,0,0.0
Deshazor Everett,9940,S,5,WAS,64,2,2,1,0,0.0
Justin Coleman,9892,CB,2,DET,24,0,0,1,0,0.0
Darryl Roberts,9680,CB,6,DET,69,0,0,0,0,0.0
Mark Nzeocha,9669,LB,1,SF,1,0,0,0,0,0.0
Edmond Robinson,9665,LB,4,ATL,17,0,1,1,0,0.0
Quandre Diggs,9633,S,7,SEA,149,6,8,2,0,0.0
Shaquem Griffin,50657,ED,3,SEA,14,0,1,0,0,0.0
Tye Smith,9603,CB,4,TEN,14,1,0,0,0,0.0
David Mayo,9602,LB,2,NYG,5,0,1,0,0,0.0
Bobby McCain,9578,S,7,MIA,158,7,0,0,0,0.0
Ulysees Gilbert III,50810,LB,1,PIT,1,0,0,0,0,0.0
P.J. Williams,9511,S,5,NO,30,1,0,1,0,0.0
Jordan Richards,9497,S,1,BLT,1,0,0,0,0,0.0
Nate Orchard,9484,ED,2,WAS,20,0,2,0,0,0.0
Damarious Randall,9463,S,2,SEA,5,0,0,0,0,0.0
Byron Jones,9460,CB,5,MIA,106,1,0,1,0,0.0
Kevin Johnson,9449,CB,5,CLV,63,4,1,0,0,0.0
Keith Smith,9302,FB,2,ATL,2,0,0,0,0,0.0
Ben Burr-Kirven,50967,LB,1,SEA,1,0,0,0,0,0.0
T.J. Carrie,8853,CB,6,IND,37,0,1,0,0,0.0
Chris Smith,8794,DI,2,LV,7,1,0,0,0,0.0
Caraun Reid,8793,DI,2,JAX,7,0,0,0,0,0.0
Ricardo Allen,8782,S,6,ATL,87,3,1,1,0,0.0
A.J. Moore,51146,S,3,HST,24,2,1,0,0,0.0
Dontae Johnson,8764,CB,4,SF,36,0,1,0,0,0.0
Joshua Kalu,51203,S,1,TEN,2,0,0,0,0,0.0
Steven Parker,51220,S,3,DAL,21,2,1,0,0,0.0
Joel Iyiegbuniwe,51221,LB,2,CHI,2,0,0,0,0,0.0
Timmy Jernigan,8683,DI,4,DEN,32,1,0,0,0,0.0
Drue Tranquill,51276,LB,1,LAC,1,0,0,0,0,0.0
Mike Edwards,51282,S,3,TB,13,1,0,0,0,0.0
Darqueze Dennard,8659,CB,3,ATL,55,0,1,1,0,0.0
Dee Ford,8658,ED,1,SF,16,1,0,0,0,0.0
LaRoy Reynolds,8500,LB,4,ATL,6,0,0,1,0,0.0
Amani Hooker,51378,S,4,TEN,13,1,1,0,0,0.0
Jordan Dangerfield,8468,S,2,PIT,2,0,0,0,0,0.0
Kaden Elliss,51485,LB,2,NO,3,0,0,0,0,0.0
Dorian O'Daniel,51487,LB,2,KC,2,1,0,0,0,0.0
Jahleel Addae,8117,S,1,LAC,2,1,0,0,0,0.0
Duke Dawson Jr.,51576,S,2,DEN,3,0,2,0,0,0.0
A.J. Bouye,8110,CB,3,DEN,61,1,0,0,0,0.0
Ezekiel Ansah,8094,ED,2,SF,10,0,0,0,0,0.0
Duron Harmon,7872,S,7,DET,196,11,3,3,0,0.0
Harrison Hand,55576,CB,2,MIN,10,0,0,0,0,0.0
Shawn Williams,7865,S,3,CIN,5,1,0,0,0,0.0
Tevaughn Campbell,91247,CB,1,LAC,10,1,0,0,0,0.0
Amik Robertson,55619,CB,2,LV,6,0,1,1,0,0.0
Thomas Davis Sr.,2231,LB,3,WAS,40,1,0,0,0,0.0
Kevin Minter,7826,LB,1,TB,1,0,0,0,0,0.0
Keisean Nixon,56167,CB,1,LV,2,0,0,0,0,0.0
Darnay Holmes,56247,CB,6,NYG,55,1,1,3,0,0.0
Desmond Trufant,7803,CB,2,DET,45,0,0,1,0,0.0
Neiko Thorpe,7716,S,2,SEA,4,0,0,0,0,0.0
Julian Stanford,7372,ED,2,CAR,2,0,1,0,0,0.0
Nate Ebner,7193,S,3,NYG,8,0,0,0,0,0.0
George Iloka,7159,S,1,MIN,13,1,0,0,0,0.0
Melvin Ingram III,7024,ED,4,LAC,53,1,1,0,0,0.0
Craig Robertson,7003,LB,1,NO,2,0,0,0,0,0.0
James Lynch,56962,DI,3,MIN,17,0,0,0,0,0.0
Nick Bellore,6515,FB,1,SEA,1,0,0,0,0,0.0
Richard Sherman,6306,CB,1,SF,23,1,0,0,0,0.0
Marcus Gilchrist,6202,S,2,BLT,4,1,0,0,0,0.0
Jabaal Sheard,6189,ED,1,JAX,1,0,0,0,0,0.0
Patrick Peterson,6157,CB,7,ARZ,174,2,1,2,0,0.0
James Pierre,60649,CB,1,PIT,1,0,0,0,0,0.0
Noah Igbinoghene,61155,CB,6,MIA,86,0,2,2,0,0.0
Kahlil McKenzie,62935,DI,3,CIN,19,0,2,0,0,0.0
Anthony Levine,6013,S,2,BLT,3,0,0,0,0,0.0
Dennis Gardeck,66928,ED,1,ARZ,4,1,0,0,0,0.0
Sherrick McManis,5667,S,1,CHI,1,0,0,0,0,0.0
Chris Claybrooks,76692,CB,6,JAX,66,5,1,0,0,0.0
Davion Taylor,81991,LB,2,PHI,7,1,0,0,0,0.0
Jessie Lemonier,82302,ED,1,LAC,1,0,0,0,0,0.0
Geno Atkins,5643,DI,2,CIN,5,0,0,0,0,0.0
Sean Lee,5580,LB,1,DAL,2,0,1,0,0,0.0
Austin Edwards,89210,DI,1,ATL,1,0,0,0,0,0.0
Julian Okwara,44152,ED,3,DET,5,0,0,0,0,0.0
Bradlee Anae,43982,ED,2,DAL,3,0,0,0,0,0.0
Benito Jones,44035,DI,2,MIA,5,0,0,0,0,0.0
Jachai Polite,44383,ED,2,LA,2,0,0,0,0,0.0
Tyler Hall,43958,CB,2,ATL,2,0,0,1,0,0.0
Thakarius Keyes,43467,CB,2,KC,5,0,0,0,0,0.0
Josh Metellus,43395,S,1,MIN,3,0,0,0,0,0.0
Myles Bryant,43336,CB,1,NE,1,0,0,0,0,0.0
Vernon Scott,43076,S,2,GB,3,0,0,0,0,0.0
Ross Blacklock,44526,DI,6,HST,45,2,0,1,0,0.0
McTelvin Agim,43069,DI,2,DEN,8,1,0,1,0,0.0
Cam Brown,42516,ED,1,NYG,2,0,0,0,0,0.0
Stephen Sullivan,40411,ED,1,SEA,1,0,1,0,0,0.0
Francis Bernard,44722,LB,1,DAL,4,0,0,0,0,0.0
Olamide Zaccheaus,44920,WR,1,ATL,1,0,0,0,0,0.0
Justin Layne,40160,CB,3,PIT,4,0,0,0,0,0.0
Terrell Burgess,45255,S,3,LA,4,2,0,0,0,0.0
Breon Borders,39398,CB,1,TEN,2,1,0,0,0,0.0
Jordan Fuller,45326,S,4,LA,64,5,2,1,0,0.0
Randy Ramsey,39094,ED,1,GB,7,0,0,1,0,0.0
Travis Homer,45859,HB,1,SEA,1,0,0,0,0,0.0
Jaylen Samuels,47297,HB,1,PIT,1,0,0,0,0,0.0
Cortez Broughton,38524,DI,2,LAC,9,0,0,0,0,0.0
Stantley Thomas-Oliver III,47981,CB,1,CAR,4,0,0,0,0,0.0
Brandon Powell,48036,WR,2,ATL,2,1,0,0,0,0.0
James Proche,48037,WR,1,BLT,1,0,0,0,0,0.0
Isaiah Johnson,48233,CB,2,LV,10,1,0,0,0,0.0
Casey Toohill,38472,ED,1,WAS,11,0,0,0,0,0.0
Linden Stephens,38426,S,1,SEA,1,0,0,0,0,0.0
Troy Reeder,38268,LB,2,LA,9,2,2,0,0,0.0
Derrek Tuszka,37724,ED,2,DEN,2,0,0,0,0,0.0
Darryl Johnson,37479,ED,6,BUF,35,0,0,0,0,0.0
Tyshun Render,35744,ED,1,MIA,1,0,0,0,0,0.0
Jonathan Greenard,48407,ED,2,HST,7,0,0,0,0,0.0
Trevis Gipson,35241,ED,2,CHI,5,0,0,0,0,0.0
Demone Harris,48452,ED,1,KC,17,2,1,0,0,0.0
Tae Hayes,35173,CB,2,MIA,6,0,1,0,0,0.0
Akeem Davis-Gaither,34788,LB,6,CIN,41,2,0,1,0,0.0
Kris Boyd,34222,CB,3,MIN,31,1,0,0,0,0.0
Kendall Sheffield,34105,CB,5,ATL,83,0,3,0,0,0.0
Cam Gill,33560,ED,1,TB,6,1,0,0,0,0.0
Diontae Johnson,33441,WR,1,PIT,1,0,0,0,0,0.0
